id,title,company,sector,location,stipend,duration,datePosted,startDate,description,responsibilities,requirements,skills,perks,numberOfOpenings,type,deadline
0053266f-b30e-4311-968d-c7a04271f958,Business Strategy,Gravity Infra Solutions,Manufacturing,"[""Bangalore"", ""560001""]","30,000",3,21-09-2025,Immediate,"The Business Strategy Intern will work on high-impact projects involving market analysis, strategic planning, and event management.",Conduct research and analysis to support strategic decision-making; Prepare reports and presentations using MS-Office; Assist with event management for corporate initiatives; Apply mathematical and analytical skills to business problems.,"A strong background in business, with skills in mathematics, report writing, and MS-Office; Experience in event management is a plus; Excellent written English and analytical skills; This is a high-responsibility role with a lump sum stipend.","['MS-Office', 'Event Management', 'Mathematics', 'Report Writing', 'English Proficiency (Written)', 'Business Strategy']",Internship Certificate; Letter of recommendation; Flexible work hours; Informal dress code; Lump sum stipend,1,onsite,21-10-2025
008391b4-7a28-4bd8-a6cc-a097d07cf385,Java App Development (Spring Boot & Hibernate),TesQuirel Solutions Private Limited,Technology,"[""Bangalore"", ""560001""]","8,000",6,21-09-2025,Immediate,The Java App Development Intern will contribute to building and maintaining web applications using Spring and Hibernate.,Develop and maintain backend services using Spring MVC and Hibernate; Design and implement REST APIs for application integration; Write and optimize SQL queries for database management; Collaborate with the development team on coding and debugging tasks.,"Strong knowledge of Java, Spring MVC, and Hibernate; Experience with SQL and REST API development; Understanding of software development principles; A passion for backend development.","['SQL', 'Hibernate (Java)', 'Spring MVC', 'REST API']",Internship Certificate; Letter of recommendation; Informal dress code; Free snacks & beverages,2,onsite,21-10-2025
00f1b525-d92c-4477-8622-60bf8d4d4585,Videography & Photography,REVIVE,Other,"[""Bangalore"", ""560001""]","7,000",3,21-09-2025,Immediate,The Videography & Photography Intern will create compelling visual content for our brand.,"Plan, shoot, and edit videos and photos for marketing and promotional use; Collaborate with the creative team on concepts and storyboards; Manage production workflow, from shooting to final delivery; Create visually engaging content for our digital platforms.","Strong skills in video making and video editing, as well as photography; A creative portfolio showcasing your visual storytelling abilities; Proficiency with video and photo editing software; A passionate and collaborative creator.","['Video Editing', 'Video Making', 'Photography', 'Videography']",Internship Certificate; Letter of recommendation,1,remote,21-10-2025
023ed64e-f88c-4513-9969-6818d0099e26,Business Development (Sales),La Muse,Design,"[""Pune"", ""411001""]","2,000",2,21-09-2025,Immediate,"The Business Development (Sales) Intern will support sales for our fashion brand, with incentives offered.",Communicate with potential clients and boutiques in English and Hindi; Prepare sales documents and proposals using MS-Word and MS-Excel; Assist with outreach and follow-up activities; Support the team in achieving sales goals.,Proficiency in MS-Word and MS-Excel; Excellent spoken English and Hindi; A passion for fashion and sales; Strong interpersonal skills.,"['MS-Word', 'MS-Excel', 'English Proficiency (Spoken)', 'English Proficiency (Written)', 'Hindi Proficiency (Spoken)']",Internship Certificate; Letter of recommendation; Performance incentives,1,hybrid,21-10-2025
0389099e-487b-4bcf-95c3-3b7924a68906,Operations,KUST HEALTHCARE PRIVATE LIMITED,Healthcare,"[""Bangalore"", ""560001""]","5,000",1,21-09-2025,Immediate,This is a one-month Operations Internship to support our healthcare services.,Assist with the day-to-day operational tasks of our healthcare facility; Help coordinate between different departments to ensure smooth patient flow; Support with administrative and documentation tasks; Contribute to maintaining a high standard of service.,Strong organizational and communication skills; An interest in healthcare operations; A proactive and compassionate attitude; Ability to work in a fast-paced environment.,"['Operations Management', 'Healthcare Administration', 'Coordination']",Internship Certificate; Informal dress code; Experience in the healthcare sector,1,onsite,21-10-2025
051520f5-1fe8-433b-b537-3b9c1b518ff3,Human Resources (HR),Lugano Technology Services,Technology,"[""Bangalore"", ""560001""]","3,000",3,21-09-2025,Immediate,The Human Resources (HR) Intern will support the HR functions within our technology company.,"Assist with the recruitment process, including posting jobs and screening resumes; Help with employee onboarding and documentation; Support HR administrative tasks and projects; Learn about HR practices in the tech industry.",A strong interest in a career in Human Resources; Excellent organizational and communication skills; A detail-oriented and professional attitude; Ability to handle confidential information.,"['Human Resources', 'Recruitment', 'HR Administration']",Internship Certificate; Letter of recommendation,1,hybrid,21-10-2025
06d08a7d-a4ee-42e1-8e85-728127f0ff4b,Interior Design,NVT QUALITY LIFESTYLE PROJECTS PRIVATE LIMITED,Design,"[""Bangalore"", ""560001""]","5,000",3,21-09-2025,Immediate,The Interior Design Intern will support our design team on residential and commercial projects.,Assist senior designers with space planning and concept development; Help create mood boards and material selections; Support in drafting and 3D modeling tasks; Coordinate with vendors and suppliers.,Pursuing a degree in Interior Design or a related field; A strong creative portfolio; Familiarity with design software like AutoCAD or SketchUp is a plus; Passion for interior design and aesthetics.,"['Interior Design', 'Space Planning', 'Material Sourcing']",Internship Certificate; Exposure to high-end design projects,2,remote,21-10-2025
074a3604-b9d1-4f95-b814-19cc0feb71cb,Software Development,Enzen Global Solutions Private Limited,Technology,"[""Bangalore"", ""560001""]","15,000",6,21-09-2025,Immediate,The Software Development Intern will contribute to projects using Java and .NET technologies.,"Develop, test, and maintain software applications using Java and/or .NET; Write clean, scalable code under the guidance of senior developers; Participate in code reviews and agile development processes; Troubleshoot and debug applications.",Strong programming skills in Java and/or .NET; A good understanding of object-oriented programming concepts; A passion for software development and problem-solving; Ability to work effectively in a 5-day-a-week schedule.,"['Java', '.NET', 'Software Development']",Internship Certificate; 5 days a week; Experience in a global solutions company,3,hybrid,21-10-2025
083d2dea-c1a3-42cc-b8a3-1b38f0413dee,Graphic Design,Inovexic,Technology,"[""Bangalore"", ""560001""]","7,000",2,21-09-2025,Immediate,The Graphic Design Intern will create visually appealing content for our social media and marketing channels.,Design graphics and marketing materials using Adobe Photoshop and Illustrator; Write engaging copy for social media posts and ads; Collaborate with the marketing team on campaign strategies; Ensure brand consistency across all visual content.,"Proficiency in Adobe Photoshop, Illustrator, and Creative Suite; Strong copywriting and social media marketing skills; A creative portfolio is required; Ability to work in a collaborative, fast-paced environment.","['Social Media Marketing', 'Adobe Photoshop', 'Adobe Illustrator', 'Adobe Creative Suite', 'Copywriting']",Internship Certificate; Letter of recommendation; Flexible work hours; Informal dress code; 5 days a week,1,onsite,21-10-2025
0875db77-cc24-46f0-834e-5ade3f1da3dc,Business Development (Sales),Ms. Kwikpic Tech Services,Technology,"[""Delhi"", ""110001""]","8,000",2,21-09-2025,Immediate,The Business Development (Sales) Intern will support our sales activities with incentives for good performance.,Use MS-Office to prepare sales reports and presentations; Assist the sales team with lead generation and client communication; Learn about our tech services to effectively pitch to potential customers; Help maintain the sales database.,Proficiency in MS-Office; Strong communication and interpersonal skills; An interest in technology and sales; Self-motivated with a willingness to learn.,"['MS-Office', 'Sales Support', 'Lead Generation']",Internship Certificate; Flexible work hours; Performance incentives,1,hybrid,21-10-2025
087f6101-b37f-4f95-8879-71e2ff09e8d9,Company Secretary (CS),BDO India LLP,Finance,"[""Bangalore"", ""560001""]","10,000",12,21-09-2025,Immediate,This is a one-year Company Secretary (CS) Internship at a leading professional services firm.,"Assist with corporate law compliance and secretarial work; Help with the preparation of board minutes, resolutions, and other legal documents; Support the team with filings and regulatory compliance; Work in a professional, 5-day-a-week environment.",Currently pursuing the Company Secretary (CS) course; A strong understanding of corporate law and compliance; A high level of professionalism and attention to detail; Excellent organizational and communication skills.,"['Company Secretary', 'Corporate Law', 'Compliance']",Internship Certificate; 5 days a week; Experience in a top-tier firm,1,hybrid,21-10-2025
089f09b0-aea1-469c-83fc-94971f3de0a6,Interior Design,Blucap LLP,Design,"[""Bangalore"", ""560001""]","5,000",6,21-09-2025,Immediate,The Interior Design Intern will support our design team on a variety of projects.,Assist senior designers with space planning and concept development; Create 2D drawings in AutoCAD and 3D models in Google SketchUp; Help with material selection and creating client presentations; Support with on-site coordination and vendor communication.,Proficiency in AutoCAD and Google SketchUp; A creative portfolio showcasing your design skills; Currently pursuing a degree in Interior Design; A passionate and collaborative team player.,"['AutoCAD', 'Google SketchUp', 'Interior Design']",Internship Certificate; Letter of recommendation; Informal dress code,2,onsite,21-10-2025
08b81dbc-b0eb-4037-8b92-f1ffcc99d13d,Business Development (Sales),Tough Club Fitness,Healthcare,"[""Bangalore"", ""560001""]","2,000",3,21-09-2025,Immediate,The Business Development (Sales) Intern will utilize a wide range of skills to drive membership sales for our fitness club.,"Execute social media and Facebook marketing campaigns; Manage sales processes with Salesforce and Tally; Create content, including blogs, videos, and photos; Use MS-Office for reporting and presentations.","A broad skill set covering sales, marketing, and office tools; A passion for fitness and sales; A proactive and versatile individual; This role is incentive-driven and offers a 5-day week.","['Social Media Marketing', 'MS-Office', 'Event Management', 'Blogging', 'MS-PowerPoint', 'Video Editing', 'Accounting', 'Salesforce', 'Facebook Marketing', 'Creative Writing', 'Tally', 'MS-Excel', 'Photography', 'Video Making', 'Computer Networks', 'Client Relationship', 'BIM (Building Information Modeling)', 'TypeScript']",Internship Certificate; 5 days a week; Performance incentives,1,remote,21-10-2025
09188479-480a-438e-81d3-952fecccc00a,Acting & Cinematography,Godhuli Group,Other,"[""Bangalore"", ""560001""]","2,000",3,21-09-2025,Immediate,The Acting & Cinematography Intern will gain practical experience in various aspects of film and media production.,Assist with on-set production tasks for acting and cinematography; Support in the operation of cameras and lighting equipment; Participate in pre-production planning and post-production editing; Learn from experienced professionals in the field.,"A strong passion for acting, filmmaking, and cinematography; Eagerness to learn and take on various production roles; A creative and collaborative spirit; Basic familiarity with camera equipment is a plus.","['Acting', 'Cinematography', 'Video Production']",Internship Certificate; Letter of recommendation; On-set experience,3,onsite,21-10-2025
0a37dd19-75a7-4664-8851-1fb16539cfaa,Marketing,Digifuse,Technology,"[""Agra"", ""282001""]","2,000",1,21-09-2025,Immediate,"This is a one-month marketing internship with a lump sum stipend, focusing on digital and social media marketing.",Assist in developing and executing social media marketing strategies; Create marketing content for various online channels; Use MS-Office to track campaign progress and results; Support the team with general marketing tasks.,Knowledge of social media marketing principles; Proficiency in MS-Office; Strong written and verbal communication skills; A creative and proactive approach to marketing.,"['Social Media Marketing', 'MS-Office', 'Content Creation']",Internship with job offer; Certificate; Letter of recommendation; Short-term project experience,1,onsite,21-10-2025
0ae393f1-6e4d-41a0-98ab-73cb24723e6b,Campus Ambassador,Solortus Designs,Design,"[""Bangalore"", ""560001""]","10,000",4,21-09-2025,Immediate,The Campus Ambassador Intern will be the face of our design brand on their campus.,Promote Solortus Designs through on-campus events and social media; Build a community of design enthusiasts on campus; Generate leads and referrals for our services; Act as a liaison between the company and the student community.,Currently enrolled in a college/university; A strong campus network and leadership skills; Passion for design and marketing; Excellent communication and interpersonal skills.,"['Marketing', 'Event Management', 'Networking', 'Public Speaking']",Internship Certificate; Letter of recommendation; Flexible work hours; 5 days a week; Performance-based rewards,5,remote,21-10-2025
0aff8181-b8f0-41e9-85dc-6a47263944fe,Business Development (Sales),Steri Innovations,Healthcare,"[""Bangalore"", ""560001""]","5,000",1,21-09-2025,Immediate,This is a one-month Business Development (Sales) Internship in the healthcare innovation sector.,"Identify and contact potential clients, such as hospitals and clinics; Promote our innovative healthcare products; Assist the sales team with lead generation and follow-ups; Learn about the healthcare market and sales strategies.",A strong interest in sales and the healthcare industry; Excellent communication and interpersonal skills; A proactive and self-motivated attitude; A quick learner in a dynamic environment.,"['Sales', 'Healthcare', 'Lead Generation']",Internship Certificate; Letter of recommendation; Informal dress code; Free snacks & beverages,1,remote,21-10-2025
0b51aae3-3b4e-44d0-bd65-18771cbd9db3,Cold Calling,Fenton Chemicals,Manufacturing,"[""Delhi"", ""110001""]","3,000",1,21-09-2025,Immediate,This is a one-month Cold Calling Internship to generate leads for our chemical manufacturing business.,Make a high volume of outbound calls to potential B2B clients; Introduce our company and products with excellent spoken English; Qualify leads and schedule appointments for the sales team; Use MS-Excel to track calls and leads.,Excellent spoken English and a confident phone manner; A resilient and persistent attitude towards cold calling; Proficiency in MS-Excel; A strong desire to succeed in a sales-oriented role.,"['MS-Excel', 'English Proficiency (Spoken)', 'Cold Calling', 'B2B Sales']",Internship Certificate; Intensive sales experience,2,onsite,21-10-2025
0b6c60aa-3dab-4555-860d-28393e00a5ad,Digital Marketing,Ridge Info Technology,Technology,"[""Chennai"", ""600001""]","2,000",1,21-09-2025,Immediate,"This is a one-month internship for a versatile individual with skills in digital marketing, client relations, and basic finance.",Assist with digital marketing campaigns and client relationship management; Support basic accounting and financial modeling tasks; Help with computer networking and IT support; A great opportunity to gain diverse experience in a short time.,"A broad skill set covering digital marketing, accounting, client relationship, and computer networking; A fast learner with a proactive attitude; Excellent communication skills; Ability to work in a 5-day-a-week schedule.","['Computer Networking', 'Digital Marketing', 'Accounting', 'Financial Modeling', 'Client Relationship']",Internship Certificate; Letter of recommendation; Flexible work hours; 5 days a week,1,hybrid,21-10-2025
0c96a174-6d30-481e-885c-9682f1f9abf1,Human Resources (HR),Lucio IT Services,Technology,"[""Bangalore"", ""560001""]","7,000",5,21-09-2025,Immediate,The Human Resources (HR) Intern will focus on the recruitment of IT professionals.,"Source, screen, and interview candidates for various technical roles; Coordinate the entire recruitment process, from job posting to offer rollout; Build and maintain a pipeline of qualified candidates; A job offer is available for interns who excel in this role.",A strong interest in a career in IT recruitment; Excellent communication and interpersonal skills; A proactive and goal-oriented approach to sourcing talent; An understanding of technology roles is a plus.,"['Recruitment', 'IT Recruitment', 'Sourcing']",Internship with job offer; Certificate; Letter of recommendation; Informal dress code,2,onsite,21-10-2025
0d2a857b-b723-464c-822f-86e2779115fc,Business Development (Sales),EcoWell,Sustainability,"[""Bangalore"", ""560001""]","5,000",3,21-09-2025,Immediate,"The Business Development (Sales) Intern will promote our eco-friendly products, with performance incentives.",Identify and contact potential customers who are interested in sustainable products; Explain the benefits of our eco-friendly solutions; Follow up on leads and work towards achieving sales targets; Build relationships with environmentally conscious clients.,A passion for sales and sustainability; Excellent communication and interpersonal skills; A self-motivated and results-driven attitude; This role includes performance-based incentives.,"['Sales', 'Sustainability', 'Lead Generation']",Internship Certificate; Letter of recommendation; Flexible work hours; Performance incentives,1,hybrid,21-10-2025
0d71ef55-4be2-4e96-bbc3-20f20ce95b69,Web Development,Protoezy Designs Private Limited,Design,"[""Bangalore"", ""560001""]","10,000",2,21-09-2025,Immediate,"The Web Development Intern will work on building modern, full-stack web applications.","Develop responsive front-end interfaces using HTML, CSS, JavaScript, and ReactJS; Build backend services with Node.js; Work with MongoDB for database management; Collaborate with the design and development teams.","Proficiency in HTML, CSS, JavaScript, ReactJS, and Node.js; Experience with MongoDB is a plus; A portfolio of web projects is highly recommended; A passion for creating clean and efficient code.","['HTML', 'CSS', 'JavaScript', 'MongoDB', 'Node.js', 'ReactJS']",Internship Certificate; Letter of recommendation; Informal dress code,1,onsite,21-10-2025
0e0d6680-adb3-4993-8dc9-485d07bf00f1,Cyber Security,Resec Systems Private Limited,Technology,"[""Chandigarh"", ""160001""]","8,000",6,21-09-2025,Immediate,The Cyber Security Intern will assist in developing and implementing security measures to protect systems and networks.,"Support the security team in monitoring for threats and vulnerabilities; Assist with ethical hacking and penetration testing exercises; Develop scripts in Python, Shell, C, or C++ for security automation; Work with Linux environments to manage security tools.","Strong knowledge of Python, Linux, and ethical hacking principles; Familiarity with C and C++ programming; Understanding of network and system security concepts; A passion for cybersecurity.","['Python', 'Linux', 'Ethical Hacking', 'C Programming', 'Shell Scripting', 'C++ Programming']",Internship with job offer; Certificate; Letter of recommendation,2,onsite,21-10-2025
0e3eb2f6-22eb-43a0-9247-53fada1ca7ee,Career Returnee Program (Women),SAVITARKA BUSINESS SOLUTIONS PRIVATE LIMITED,Other,"[""Bangalore"", ""560001""]","20,000",6,21-09-2025,Immediate,This program is designed to help women relaunch their careers by providing hands-on project experience and professional development.,Work on live projects relevant to your professional background; Receive mentorship and training to update your skills; Network with professionals and other returnees; Develop a plan for your long-term career re-entry.,Women on a career break seeking to re-enter the workforce; A strong professional background in any field; Eagerness to learn and adapt to new challenges; Excellent communication and collaboration skills.,"['Professional Development', 'Project Management', 'Networking']",Internship Certificate; Mentorship program; A supportive environment for career relaunch,5,onsite,21-10-2025
0e5f1a55-d497-44bc-844f-0f0ab9d06c12,Flutter Development,DUIT Technologies,Technology,"[""Chennai"", ""600001""]","2,500",4,21-09-2025,Immediate,The Flutter Development Intern will work on cross-platform mobile apps using a variety of modern front-end technologies.,"Develop mobile applications using Flutter; Gain experience with other front-end frameworks like AngularJS, React Native, and ReactJS; Collaborate on UI/UX design to create user-friendly interfaces; Write clean and efficient code for mobile platforms.",Strong interest and some experience in Flutter development; Familiarity with JavaScript and other frameworks like AngularJS or React is a plus; A passion for UI/UX design and mobile development; A proactive and collaborative learner.,"['JavaScript', 'AngularJS', 'UI & UX Design', 'Flutter', 'React Native', 'ReactJS']",Internship Certificate; Letter of recommendation; Flexible work hours,1,hybrid,21-10-2025
0ee82f42-50d5-48f0-bb97-03a4e2ddfd1c,Graphic Design,UCPro LLP,Technology,"[""Bangalore"", ""560001""]","6,000",2,21-09-2025,Immediate,The Graphic Design Intern will create visual content and manage design-related data.,Design graphics for digital marketing and web use; Use MS-Excel to organize and track design assets and projects; Collaborate with the development and marketing teams; Ensure visual consistency across all materials.,Basic graphic design skills (familiarity with design software is a plus); Strong proficiency in MS-Excel; Good organizational skills and attention to detail; A creative and collaborative mindset.,"['MS-Excel', 'Graphic Design', 'Asset Management']",Internship Certificate; Letter of recommendation; Flexible work hours; Informal dress code; 5 days a week,1,remote,21-10-2025
0f313bc4-8228-427f-bb0a-03ba88cc24d5,Test Ops Engineering,Flux,Technology,"[""Bangalore"", ""560001""]","5,000",6,21-09-2025,Immediate,The Test Ops Engineering Intern will work on developing and maintaining testing infrastructure and automation.,Develop and execute automated test scripts using Python and C++; Support the setup and maintenance of our testing environments; Analyze test results and report bugs and issues; Collaborate with the development team to improve product quality.,"Strong programming skills in Python and C++; An interest in software testing and quality assurance; Good problem-solving and debugging skills; Ability to work in a structured, 5-day-a-week environment.","['Python', 'C++ Programming', 'Test Automation']",Internship Certificate; 5 days a week; Experience in a high-tech environment,1,hybrid,21-10-2025
0f32b06c-ea60-4ad0-86a3-ae7f7ef61b29,Business Development (Sales),RoadMetrics,Technology,"[""Bangalore"", ""560001""]","7,500",3,21-09-2025,Immediate,The Business Development (Sales) Intern will drive B2B sales through a multi-channel approach.,"Execute social media and email marketing campaigns to generate leads; Build and maintain strong client relationships with excellent English communication; Follow up with prospects and manage the sales pipeline; Work in a structured, 5-day-a-week environment.","Skills in social media marketing, email marketing, and client relationship management; Excellent spoken and written English; A proactive and professional sales attitude; A collaborative team player.","['Social Media Marketing', 'Email Marketing', 'Client Relationship', 'English Proficiency (Spoken)', 'English Proficiency (Written)']",Internship Certificate; Letter of recommendation; Flexible work hours; Informal dress code; 5 days a week,1,onsite,21-10-2025
0fd45e67-b584-4adc-9082-84c602adb29e,Business Development (Sales),Ecozen Solutions,Sustainability,"[""Pune"", ""411001""]","10,000",3,21-09-2025,Immediate,"The Business Development (Sales) Intern will promote our innovative, sustainable solutions for the agriculture sector.","Identify and reach out to potential clients in the agricultural and cold chain industries; Assist the sales team with product demonstrations and client meetings; Help prepare sales proposals and follow up on leads; Learn about the intersection of technology, sustainability, and agriculture.",A passion for sales and sustainable technology; Strong communication and interpersonal skills; An interest in the agriculture or renewable energy sector; A proactive and results-oriented mindset.,"['Sales', 'Sustainability', 'AgriTech', 'Lead Generation']",Internship with job offer; Certificate; Meaningful work in the sustainability space,2,onsite,21-10-2025
0fdfa592-2619-46bb-b71f-27dd47a779be,Social Media Marketing,Fincomienzo Solutions Private Limited,Technology,"[""Delhi"", ""110001""]","2,000",4,21-09-2025,Immediate,The Social Media Marketing Intern will help grow our online presence with performance-based incentives.,Develop and schedule engaging content for our social media platforms; Monitor social media trends and audience engagement; Assist in creating and running social media ad campaigns; Track and report on key performance metrics.,A good understanding of social media marketing; Creative content creation abilities; Strong written communication skills; Self-motivated and able to work towards goals.,"['Social Media Marketing', 'Content Creation', 'Campaign Management']",Internship Certificate; Letter of recommendation; Flexible work hours; Incentives available,1,onsite,21-10-2025
10464747-9472-4671-b2e7-4c7f04db96e8,Nutrition,UnDiabetes,Healthcare,"[""Bangalore"", ""560001""]","10,000",6,21-09-2025,Immediate,The Nutrition Intern will provide support and guidance to clients on our health-tech platform.,Assist in creating personalized nutrition plans for clients; Provide counseling and support to help clients achieve their health goals; Research and create content on nutrition and wellness; A job offer is available for interns who excel.,A degree or background in Nutrition and Dietetics; A passion for helping people lead healthier lives; Excellent communication and counseling skills; An empathetic and professional attitude.,"['Nutrition', 'Dietetics', 'Health Counseling']",Internship with job offer; Certificate; Letter of recommendation; Informal dress code; Free snacks & beverages,2,hybrid,21-10-2025
119939d8-3146-4e4b-be76-021314ed822d,Content Writing,Navigus,Education,"[""Bangalore"", ""560001""]","10,000",6,21-09-2025,Immediate,The Content Writing Intern will create content for our career guidance and educational technology platform.,"Research and write articles, blogs, and guides on careers, courses, and educational trends; Create engaging content for our website and social media channels; Ensure all content is well-written, accurate, and helpful for students; Collaborate with subject matter experts.","Excellent writing, research, and editing skills; A passion for education and career development; Ability to write in an informative and engaging tone; A portfolio of your writing is a must.","['Content Writing', 'Research', 'Editing']",Internship with job offer; Certificate; Letter of recommendation,1,remote,21-10-2025
11a71d5f-91b6-4baa-8f6f-f87fbc0f7e06,Content Writing,Fae Bikes,Sustainability,"[""Bangalore"", ""560001""]","10,000",3,21-09-2025,Immediate,The Content Writing Intern will create compelling content to promote our electric bike services.,"Write blog posts, articles, and website copy about electric mobility and sustainability; Create engaging content for social media channels; Assist with writing marketing and promotional materials; Research topics related to EV technology and urban transport.",Excellent writing and storytelling skills; A passion for sustainability and electric vehicles; Ability to write in an engaging and persuasive tone; A proactive and creative content creator.,"['Content Writing', 'Copywriting', 'Blogging']",Internship with job offer; Certificate; Letter of recommendation; Flexible work hours; Informal dress code; 5 days a week,1,remote,21-10-2025
12983218-a0e6-4941-a252-03b2356d32a5,Firmware Development,Craftech 360,Technology,"[""Bangalore"", ""560001""]","3,500",3,21-09-2025,Immediate,"The Firmware Development Intern will work on embedded systems, IoT devices, and PCB design.",Develop and debug firmware for embedded systems using C and Python; Assist with PCB design using EAGLE software; Work on Internet of Things (IoT) projects and prototypes; Collaborate with hardware and software teams.,Proficiency in Python and C programming for embedded systems; Experience with PCB design and IoT concepts; A hands-on approach to problem-solving; Familiarity with microcontrollers.,"['Python', 'Embedded Systems', 'C Programming', 'PCB Design', 'Internet of Things (IoT)', 'EAGLE']",Internship Certificate; Practical hardware experience,1,hybrid,21-10-2025
12a3123f-6ea4-43cd-ab0b-12c4690b0f48,Marketing,Jayswal Agencies,Manufacturing,"[""Bangalore"", ""560001""]","5,000",2,21-09-2025,Immediate,The Marketing Intern will support our marketing and client communication efforts.,Assist with creating marketing materials and presentations; Communicate with clients and partners with excellent English proficiency; Help with market research and identifying new opportunities; Support the marketing team with daily tasks.,Excellent spoken and written English; A strong interest in a marketing career; Good interpersonal and communication skills; A proactive and collaborative team player.,"['English Proficiency (Spoken)', 'English Proficiency (Written)', 'Marketing Communications']",Internship Certificate; Letter of recommendation,1,onsite,21-10-2025
134ebaa5-6d7f-49b7-86b2-4f8fe35271f4,Digital Marketing,Rolla Online Institute,Education,"[""Bangalore"", ""560001""]","3,000",3,21-09-2025,Immediate,The Digital Marketing Intern will execute and analyze multi-channel marketing campaigns for our online courses.,Manage and optimize campaigns using Google AdWords and social media platforms; Analyze website and campaign data with Google Analytics; Implement SEO strategies to improve organic reach; Assist with email marketing and content creation.,"Hands-on experience with Google Analytics, AdWords, SEO, and social media marketing; Strong analytical skills and a data-driven approach; Excellent communication and writing skills; A passion for digital marketing and education.","['Google Analytics', 'Digital Marketing', 'Google AdWords', 'Search Engine Optimization (SEO)', 'Facebook Marketing', 'Email Marketing', 'Instagram Marketing']",Internship Certificate; Letter of recommendation; Flexible work hours,2,hybrid,21-10-2025
13733d1f-398e-47ea-b7b1-6bc2f7c0fc7c,Photography,Kaalia Productions,Other,"[""Bangalore"", ""560001""]","8,000",6,21-09-2025,Immediate,The Photography Intern will assist our production team with various photo shoots.,"Support lead photographers during on-location and studio shoots; Assist with lighting, setup, and equipment management; Help with culling and basic editing of photos; Learn about professional photography workflows.",A passion for photography and a good eye for composition; Eagerness to learn from experienced professionals; A reliable and hardworking team player; A portfolio of your photography work is required.,"['Photography', 'Lighting', 'Photo Editing']",Internship Certificate; On-set production experience,1,onsite,21-10-2025
1474cff1-3bfe-4032-99b6-5dd46cf13aa9,Human Resources (HR),Yes Property,Other,"[""Bangalore"", ""560001""]","7,000",3,21-09-2025,Immediate,The Human Resources (HR) Intern will support our recruitment and HR operations in a fast-paced real estate company.,Assist with sourcing and screening candidates for various roles; Schedule and coordinate interviews; Help with employee onboarding and maintaining HR records; Communicate with candidates and new hires effectively.,Excellent spoken English and communication skills; An interest in a career in Human Resources; Strong organizational skills and attention to detail; A professional and personable demeanor.,"['English Proficiency (Spoken)', 'Recruitment', 'HR Administration']",Internship Certificate; Hands-on HR experience,1,hybrid,21-10-2025
15de4bab-f1ef-4260-9ab0-878908dce71c,Graphic Design,Megagon Corporate Services,Other,"[""Bangalore"", ""560001""]","8,500",6,21-09-2025,Immediate,The Graphic Design Intern will create a wide range of visual content for our corporate services.,"Design presentations, reports, and marketing materials using MS-Office (PowerPoint, Excel) and Adobe Creative Suite (Photoshop, Illustrator, CorelDRAW); Create graphics for our website and social media; Ensure brand consistency across all documents and visuals; Collaborate with various teams on their design needs.","Proficiency in MS-Office (especially PowerPoint and Excel) and Adobe Creative Suite (Photoshop, CorelDRAW, Illustrator); A portfolio showcasing professional and corporate design work; Strong organizational and communication skills; A versatile and detail-oriented designer.","['MS-Office', 'Adobe Photoshop', 'CorelDRAW', 'Adobe Illustrator', 'MS-PowerPoint', 'Adobe Creative Suite', 'MS-Excel']",Internship Certificate; Letter of recommendation; Flexible work hours; Informal dress code,1,hybrid,21-10-2025
16289316-a783-47cd-85ac-e819389bc0bf,Content Management,HalfCute Internet Private Limited,Technology,"[""Bangalore"", ""560001""]","15,000",6,21-09-2025,Immediate,The Content Management Intern will oversee the creation and management of content on our platform.,Create and manage a content calendar for our website and blog; Write and edit creative and engaging content with excellent English proficiency; Use MS-Excel and MS-PowerPoint for content planning and reporting; Collaborate with different teams to ensure content quality and consistency.,Excellent creative writing skills in English; Proficiency in MS-PowerPoint and MS-Excel; Strong organizational and content planning abilities; A detail-oriented and proactive content manager.,"['MS-PowerPoint', 'Creative Writing', 'MS-Excel', 'English Proficiency (Spoken)', 'English Proficiency (Written)']",Internship Certificate; Competitive stipend,1,hybrid,21-10-2025
16320b40-0eff-4144-8cb5-5e34cdc6dc0a,Graphic Design,LearnMall,Education,"[""Bangalore"", ""560001""]","12,000",3,21-09-2025,Immediate,The Graphic Design Intern will create a wide range of visual content for our e-learning platform.,Design and develop user interfaces (UI) and other graphics using Adobe Creative Suite; Create animations and motion graphics with Adobe After Effects and Flash; Collaborate with instructional designers on visual elements for courses; Use tools like Adobe XD for prototyping.,"Expertise in Adobe Creative Suite, including Premiere Pro, Dreamweaver, Indesign, and After Effects; Strong skills in UI development and prototyping with Adobe XD; A creative portfolio is required; A passion for design in education.","['Adobe Premiere Pro', 'Adobe Creative Suite', 'Adobe Dreamweaver', 'Adobe Indesign', 'User Interface (UI) Development', 'Adobe Flash', 'Adobe After Effects', 'Adobe XD']",Internship with job offer; Certificate; Letter of recommendation; Flexible work hours; Informal dress code; Free snacks & beverages,1,remote,21-10-2025
170d3246-53cd-4b17-bc22-42d14471556e,Social Media Marketing,RR Lifestyles,Design,"[""Bangalore"", ""560001""]","5,000",6,21-09-2025,Immediate,The Social Media Marketing Intern will manage and create content for our lifestyle brand's online presence.,Create visually appealing content for social media using Adobe Photoshop; Write engaging copy with excellent written English; Manage our social media channels and campaigns; A job offer is available for interns who perform well.,Skills in Adobe Photoshop and content creation; Excellent written English; A creative and strategic approach to social media; A passion for fashion and lifestyle brands.,"['Adobe Photoshop', 'English Proficiency (Written)', 'Social Media Marketing']",Internship with job offer; Certificate,1,remote,21-10-2025
178280e8-e90b-4235-a457-3348c05b2f46,Online Marketing,Digi Streaks,Technology,"[""Agra"", ""282001""]","2,000",1,21-09-2025,Immediate,The Online Marketing Intern will assist in client communication and marketing activities for one month.,Communicate with potential clients and stakeholders in English and Hindi; Support the marketing team in daily tasks; Assist with online outreach and promotional activities; Help gather and organize marketing data.,Excellent spoken proficiency in English and Hindi; Strong interpersonal and communication skills; A keen interest in online marketing; Ability to learn quickly in a dynamic environment.,"['English Proficiency (Spoken)', 'Hindi Proficiency (Spoken)', 'Client Communication']",Internship Certificate; Letter of recommendation; Flexible work hours; 5 days a week,1,remote,21-10-2025
17972ca6-b0f4-484a-8ce2-f51a8333a9ef,Business Development (Sales),Techkit,Technology,"[""Ahmedabad"", ""380001""]","10,000",2,21-09-2025,Immediate,The Business Development (Sales) Intern will support the growth of our technology company.,Identify and research potential clients for our tech products and services; Assist with outreach and scheduling meetings for the sales team; Help prepare sales materials and proposals; Learn about technology sales and business development.,A strong interest in a sales career in the technology sector; Excellent communication and research skills; A proactive and self-motivated attitude; Eager to learn and contribute to a team.,"['Sales', 'Lead Generation', 'Market Research']",Internship Certificate; Letter of recommendation; Flexible work hours; Informal dress code,1,onsite,21-10-2025
17fd8fbd-777e-4520-8a09-e25e9c957901,Graphic Design,Amit Mishra,Design,"[""Bangalore"", ""560001""]","10,000",6,21-09-2025,Immediate,The Graphic Design Intern will work with a full range of Adobe Creative Cloud applications.,"Create and edit graphics, videos, and layouts using Adobe Photoshop, Illustrator, After Effects, Indesign, and Lightroom; Collaborate on design projects from concept to final delivery; Develop visually appealing content for various media; Maintain a high standard of design quality.","Expertise across the Adobe Creative Suite, including Photoshop, Illustrator, Indesign, After Effects, and Lightroom; A strong and diverse design portfolio; A creative and passionate designer; Excellent attention to detail.","['Adobe Photoshop', 'CorelDRAW', 'Adobe Illustrator', 'Adobe Indesign', 'Adobe After Effects', 'Adobe Photoshop Lightroom CC']",Internship Certificate; Letter of recommendation,1,onsite,21-10-2025
188e99b0-08d4-4fef-8698-8b409091ed07,Graphic Design,American Institute Of Big Data Professionals,Education,"[""Bangalore"", ""560001""]","2,000",2,21-09-2025,Immediate,The Graphic Design Intern will create visual content to promote our big data training programs.,"Design marketing materials such as brochures, social media graphics, and web banners; Use Adobe Photoshop and Illustrator to create compelling visuals; Collaborate with the marketing team on design concepts; Ensure all designs align with our brand.",Proficiency in Adobe Photoshop and Adobe Illustrator; A creative portfolio showcasing your design skills; An interest in education and technology; Ability to work on multiple projects and meet deadlines.,"['Adobe Photoshop', 'Adobe Illustrator', 'Graphic Design']",Internship with job offer; Certificate; Letter of recommendation; Flexible work hours,1,hybrid,21-10-2025
1969cd31-846e-406d-82bc-307766031b00,Social Media Marketing,Phoenix Food Services,Other,"[""Bangalore"", ""560001""]","5,000",2,21-09-2025,Immediate,The Social Media Marketing Intern will manage our online presence with a mix of design and marketing skills.,"Develop and execute social media and digital marketing campaigns; Create graphics and visuals using Adobe Photoshop, CorelDRAW, and Illustrator; Assist with Search Engine Marketing (SEM) efforts; Knowledge of 3ds Max is a bonus.","Strong skills in social media marketing, digital marketing, and SEM; Proficiency in Adobe Photoshop, CorelDRAW, and Illustrator; A creative mindset with a good eye for design; A passion for the food industry.","['Social Media Marketing', 'Adobe Photoshop', 'CorelDRAW', 'Adobe Illustrator', 'Search Engine Marketing (SEM)', 'Digital Marketing', '3ds Max']",Internship Certificate; Informal dress code; Free snacks & beverages,1,onsite,21-10-2025
197779c2-5e18-4334-904d-f6c4aae726a8,Business Development (Sales),Prakshep Private Limited,Technology,"[""Bangalore"", ""560001""]","5,000",6,21-09-2025,Immediate,The Business Development (Sales) Intern will drive sales for our agri-tech solutions.,Reach out to potential clients in the agriculture sector to promote our technology; Use MS-Excel to manage leads and track sales progress; Communicate effectively in English to build client relationships; A job offer is available for successful interns.,Excellent written and spoken English; Proficiency in MS-Excel; A strong interest in sales and agriculture technology; A proactive and results-oriented individual.,"['MS-Excel', 'English Proficiency (Spoken)', 'English Proficiency (Written)', 'Sales', 'AgriTech']",Internship with job offer; Certificate; Letter of recommendation; Flexible work hours,2,hybrid,21-10-2025
19d9b92d-0ce0-4ef5-9b59-acc392bb1f74,Business Development (Sales),Colorsmart Enterprises,Manufacturing,"[""Chennai"", ""600001""]","2,000",3,21-09-2025,Immediate,"The Business Development (Sales) Intern will support sales for our manufacturing business, with incentives and a job offer.",Identify and contact potential B2B clients for our products; Follow up with leads and assist with the sales process; Help prepare quotes and proposals; Work towards achieving sales targets.,A strong desire to pursue a career in B2B sales; Good communication and interpersonal skills; A self-motivated and results-driven attitude; This role is incentive-driven with a job offer for top performers.,"['Sales', 'B2B Sales', 'Lead Generation']",Internship with job offer; Certificate; Letter of recommendation; Flexible work hours; Performance incentives,1,hybrid,21-10-2025
1a8f5a81-902a-4de4-a83e-54134a1eff43,Graphic Design,WebMOBI,Technology,"[""Bangalore"", ""560001""]","6,000",2,21-09-2025,Immediate,The Graphic Design Intern will create visual content for our web and mobile platforms.,"Design graphics, icons, and other visual elements for our products; Use Adobe Photoshop to create and edit images; Collaborate with the development and marketing teams; Ensure all designs are consistent with our brand guidelines.",Proficiency in Adobe Photoshop; A strong portfolio demonstrating design skills; Creativity and a keen eye for detail; Understanding of UI/UX principles is a plus.,"['Adobe Photoshop', 'Graphic Design', 'UI/UX Design']",Internship with job offer; Certificate; Letter of recommendation; Flexible work hours; 5 days a week,1,hybrid,21-10-2025
1b1c816a-f575-46e0-8fd9-675e95670b36,Business Development (Sales),FlippAR,Technology,"[""Bangalore"", ""560001""]","9,000",6,21-09-2025,Immediate,The Business Development (Sales) Intern will focus on selling our augmented reality solutions.,Identify and contact potential clients to demonstrate our AR products; Build and maintain relationships with new and existing clients; Prepare and deliver sales presentations; Follow up on leads and work towards sales targets.,Excellent spoken English and communication skills; A strong interest in new technologies like augmented reality; A confident and persuasive sales personality; Self-motivated and able to work independently.,"['English Proficiency (Spoken)', 'Sales', 'Augmented Reality', 'Client Relationship']",Internship Certificate; Letter of recommendation; Flexible work hours,2,hybrid,21-10-2025
1b2c27c1-2dd7-4721-9a1a-a1ffe2ad55bd,Social Media Marketing,Lugano Technology Services,Technology,"[""Bangalore"", ""560001""]","2,000",3,21-09-2025,Immediate,The Social Media Marketing Intern will assist with our digital marketing efforts.,Support the planning and execution of social media campaigns; Assist with content creation for various platforms; Help monitor social media channels and track performance; Learn about digital marketing strategies in a tech company.,A good understanding of digital marketing and social media platforms; Strong communication skills; A creative and proactive learner; Passionate about technology and marketing.,"['Digital Marketing', 'Social Media Marketing', 'Content Creation']",Internship Certificate; Hands-on marketing experience,1,remote,21-10-2025
1b6b3ff6-7424-4842-a902-2a4df3d142f6,Business Development (Sales),Atri Technocrat,Technology,"[""Ahmedabad"", ""380001""]","5,000",6,21-09-2025,Immediate,The Business Development (Sales) Intern will focus on selling solutions built on the Microsoft Power Platform.,Identify and contact potential clients who could benefit from Microsoft PowerApps solutions; Assist with product demos and creating proposals; Learn about the Power Platform and its business applications; Support the sales team in achieving their targets.,A strong interest in technology sales; Familiarity with or a strong desire to learn Microsoft PowerApps; Good communication and presentation skills; A proactive and solution-oriented mindset.,"['Microsoft PowerApps', 'Sales', 'Business Process Automation']",Internship Certificate; Specialized technical sales experience,1,hybrid,21-10-2025
1c0b424e-ca9e-4210-8a7c-c01a80c8705f,Business Development (Sales),Mintbook,Education,"[""Bangalore"", ""560001""]","8,000",3,21-09-2025,Immediate,The Business Development (Sales) Intern will promote and sell our digital library and learning solutions.,Identify and reach out to educational institutions and corporate clients; Deliver presentations and demos of our platform; Follow up on leads and work towards achieving sales targets; This role includes performance-based incentives.,A strong interest in sales and educational technology; Excellent communication and presentation skills; A proactive and goal-oriented attitude; Eager to learn and contribute to a growing team.,"['Sales', 'EdTech', 'Lead Generation']",Internship Certificate; Letter of recommendation; Performance incentives,2,hybrid,21-10-2025
1c4b0b95-4391-4480-884d-bdfbd752bf6e,Business Development (Sales),Bambrew,Sustainability,"[""Bangalore"", ""560001""]","10,000",6,21-09-2025,Immediate,The Business Development (Sales) Intern will drive sales for our sustainable and eco-friendly products.,Identify and reach out to potential B2B clients who value sustainability; Prepare proposals and presentations using MS-Office; Communicate effectively in English with clients to build relationships; Support the sales team in achieving targets.,Proficiency in MS-Office; Excellent written and spoken English; A passion for sales and sustainability; Strong interpersonal and communication skills.,"['MS-Office', 'English Proficiency (Spoken)', 'English Proficiency (Written)', 'B2B Sales']",Internship Certificate; Letter of recommendation; Flexible work hours; Informal dress code,2,remote,21-10-2025
1d669d5c-88b3-417c-b1ae-150845353e82,Business Development (Sales),OAP India Private Limited,Other,"[""Bangalore"", ""560001""]","7,000",6,21-09-2025,Immediate,The Business Development (Sales) Intern will assist in driving sales and expanding our customer base.,Research and identify new business opportunities; Support the sales team in reaching out to potential clients; Help prepare sales materials and presentations; Track sales activities and update records.,Strong communication and interpersonal skills; A self-starter with a passion for sales; Eagerness to learn and contribute to a team; Pursuing a degree in a relevant field is a plus.,"['Sales', 'Lead Generation', 'Client Outreach']",Internship Certificate; Letter of recommendation; Informal dress code; 5 days a week,2,hybrid,21-10-2025
1d8f9600-e37c-4a08-95bf-b8020f34f044,Social Media Marketing,Buzo Media Services,Other,"[""Pune"", ""411001""]","3,000",6,21-09-2025,Immediate,The Social Media Marketing Intern will manage our full digital marketing stack for client campaigns.,"Execute comprehensive digital marketing campaigns using Google Analytics, SEM, SEO, and social media; Communicate with clients and team members with excellent English proficiency; Analyze campaign data to provide insights and optimizations; Work with flexible hours.","A broad skill set across digital marketing channels (SEO, SEM, Social Media); Excellent spoken and written English; Strong analytical and communication skills; A proactive and versatile marketer.","['Social Media Marketing', 'Google Analytics', 'Search Engine Marketing (SEM)', 'Google AdWords', 'Search Engine Optimization (SEO)', 'Facebook Marketing', 'English Proficiency (Spoken)', 'English Proficiency (Written)', 'Instagram Marketing']",Internship Certificate; Letter of recommendation; Flexible work hours,1,hybrid,21-10-2025
1dc96960-968b-421a-b1fd-6a996e558ba5,Photography,Evineon Technologies,Technology,"[""Bangalore"", ""560001""]","10,000",3,21-09-2025,Immediate,The Photography Intern will provide essential support and hands-on experience in corporate and product photography.,Capture and edit high-quality images for marketing materials; Assist with photo shoots for company events and products; Manage and organize digital photo archives; Collaborate with the marketing team on visual concepts.,Experience with DSLR cameras and professional lighting; Proficiency in photo editing software like Adobe Photoshop and Lightroom; A strong portfolio showcasing photography skills; Creative mindset and attention to detail.,"['Photography', 'Adobe Photoshop', 'Lightroom']",Internship Certificate; Flexible work hours; Free snacks & beverages,1,hybrid,21-10-2025
1e2e459c-9b58-46c2-844c-bf6729607f5c,Business Development (Sales),Codeyoung,Education,"[""Bangalore"", ""560001""]","10,000",2,21-09-2025,Immediate,The Business Development (Sales) Intern will drive student enrollments for our online coding classes.,Contact parents to explain the value of coding education for children; Guide interested leads through the enrollment and trial class process; Follow up with potential customers to close sales; Meet weekly and monthly admission targets.,Excellent communication and persuasion skills; A passion for education and technology; A target-oriented and self-motivated individual; Prior sales or counseling experience is a plus.,"['Sales', 'Educational Counseling', 'Lead Conversion']",Internship Certificate; Sales training and mentorship,5,onsite,21-10-2025
1e8d72e9-9c88-4c80-b54a-77712db27270,Content Writing,Locaguide,Technology,"[""Bangalore"", ""560001""]","5,000",6,21-09-2025,Immediate,The Content Writing Intern will create engaging multimedia content for our local guide platform.,Write articles and guides about local places and experiences; Create and edit videos and images to accompany the written content; Collaborate with the team on content strategy and ideas; A job offer is available for interns who excel in this role.,"A passion for content creation, including writing, video editing, and image processing; Excellent storytelling skills; A creative and proactive individual; Ability to work in a 5-day-a-week, flexible environment.","['Video Editing', 'Image Processing', 'Video Making', 'Content Creation']",Internship with job offer; Certificate; Letter of recommendation; Flexible work hours; Informal dress code; 5 days a week; Free snacks & beverages,1,remote,21-10-2025
1ebf0492-af38-4442-b3c5-e4b48509279f,Interior Design,Astromata,Design,"[""Bangalore"", ""560001""]","20,000",6,21-09-2025,Immediate,The Interior Design Intern will work on high-end design projects using a range of professional software.,"Create detailed 2D drawings and 3D models using AutoCAD, Illustrator, SketchUp, and 3ds Max; Assist with all stages of the design process, from concept to execution; Help prepare client presentations and material boards; Collaborate with a team of experienced designers.","Expertise in AutoCAD, Adobe Illustrator, Google SketchUp, and 3ds Max; A strong and creative interior design portfolio; A passion for design and a keen eye for detail; Ability to work in a professional, 5-day-a-week studio.","['AutoCAD', 'Adobe Illustrator', 'Google SketchUp', '3ds Max']",Internship Certificate; Letter of recommendation; Informal dress code; 5 days a week; Free snacks & beverages,1,hybrid,21-10-2025
1ef2e724-ccd0-4d2e-86d3-fba96088b037,Social Media Marketing,Ruson Infomedia Private Limited (The Boring News Company),Technology,"[""Bangalore"", ""560001""]","2,000",3,21-09-2025,Immediate,The Social Media Marketing Intern will help manage and grow the social media presence of our news platform.,Create and schedule engaging content for our social media channels; Monitor trends and engage with our online audience; Assist in developing and executing social media campaigns; Track and analyze key performance metrics.,A strong interest in social media and news media; Excellent writing and content creation skills; A creative and proactive approach; Familiarity with social media management tools.,"['Social Media Marketing', 'Content Creation', 'Community Management']",Internship Certificate; Letter of recommendation; Flexible work hours; Informal dress code,1,hybrid,21-10-2025
203bd93a-3693-492c-86d7-d4785280d14d,Accountancy,CA Yash Jain & Associates,Finance,"[""Bangalore"", ""560001""]","5,000",6,21-09-2025,Immediate,"The Accountancy Intern will gain comprehensive, hands-on experience in a professional CA firm.","Assist with accounting, bookkeeping, and finalization of accounts; Use Tally and MS-Excel for various accounting tasks; Support with tax compliance and audit procedures; Work in a 5-day-a-week professional environment.","A strong foundation in Accounting and experience with Tally; Proficiency in MS-Office and MS-Excel; Currently pursuing a CA, B.Com, or related degree; A detail-oriented and eager learner.","['MS-Office', 'Accounting', 'Tally', 'MS-Excel']",Internship Certificate; Flexible work hours; 5 days a week; Professional mentorship,1,hybrid,21-10-2025
2103046a-8917-4691-83c0-c8e5fd46c4fb,Customer Service,Mutterfly,Technology,"[""Bangalore"", ""560001""]","7,000",2,21-09-2025,Immediate,The Customer Service Intern will focus on building strong client relationships and providing excellent support.,Manage and resolve customer inquiries via multiple channels; Build and maintain positive relationships with clients; Communicate effectively in English and Kannada; Document customer interactions and provide feedback to the team.,Strong skills in client relationship management; Excellent spoken and written English and spoken Kannada; A customer-centric and problem-solving attitude; Patience and empathy in handling customer issues.,"['Client Relationship', 'English Proficiency (Spoken)', 'English Proficiency (Written)', 'Kannada Proficiency (Spoken)']",Internship with job offer; Certificate; Letter of recommendation,2,remote,21-10-2025
216d0716-d467-41be-ae88-6afa13c0f015,GIS Engineering,Satyukt Analytics Private Limited,Technology,"[""Bangalore"", ""560001""]","10,000",6,21-09-2025,Immediate,The GIS Engineering Intern will work on developing and applying GIS solutions using Python.,Use Python for scripting and automation of GIS tasks; Assist with spatial data analysis and management; Support the development of GIS-based applications; A job offer is available for interns who demonstrate strong technical skills.,"Proficiency in Python and a strong interest in GIS (Geographic Information Systems); Good analytical and problem-solving skills; A background in geography, environmental science, or engineering is a plus; A proactive and technical learner.","['Python', 'GIS', 'Spatial Analysis']",Internship with job offer; Certificate; Informal dress code,1,hybrid,21-10-2025
218eaed4-1777-4517-8d8b-4df38fee9aeb,Graphic Design,OKR Edge,Technology,"[""Bangalore"", ""560001""]","20,000",6,21-09-2025,Immediate,The Graphic Design Intern will create professional visual content for our business solutions company.,Design marketing materials and presentations using Adobe Creative Suite and MS-Office; Assist with Facebook and Instagram marketing campaigns by creating visuals; Ensure all designs are aligned with our corporate brand; A job offer is available for top performers.,Proficiency in MS-Office and Adobe Creative Suite; Experience with Facebook and Instagram marketing; A strong portfolio of professional design work; A collaborative and deadline-driven designer.,"['MS-Office', 'Adobe Creative Suite', 'Facebook Marketing', 'Instagram Marketing']",Internship with job offer; Certificate; Letter of recommendation; 5 days a week; Competitive stipend,1,remote,21-10-2025
21cec1f3-a3a2-4dd8-8ef9-2aca9a2d8553,Marketing,Noon Academy,Education,"[""Bangalore"", ""560001""]","7,500",3,21-09-2025,Immediate,"The Marketing Intern will support student acquisition and brand building for our EdTech platform, with incentives.",Assist with the execution of marketing campaigns to attract new students; Help with content creation for social media and other channels; Engage with the student community to build our brand; This role is incentive-driven and offers a 5-day week.,A passion for marketing and education; Good communication and creative skills; A proactive and results-oriented attitude; Eager to work in a fast-paced startup environment.,"['Marketing', 'EdTech', 'Community Engagement']",Internship Certificate; Informal dress code; 5 days a week; Free snacks & beverages; Performance incentives,2,onsite,21-10-2025
228c2b20-bc2e-4dea-a034-14727dcca078,Graphic Design,Melting Flowers,Design,"[""Bangalore"", ""560001""]","10,000",2,21-09-2025,Immediate,The Graphic Design Intern will create beautiful visual content for our floral design and event company.,"Design graphics for social media, marketing materials, and client proposals; Use Adobe Photoshop and CorelDRAW to create and edit visuals; Collaborate with the team on creative concepts for events and promotions; Ensure all designs reflect our brand's aesthetic.",Proficiency in Adobe Photoshop and CorelDRAW; A strong portfolio with a keen eye for aesthetics and design; Creativity and a passion for floral design or event styling; Ability to work in a collaborative environment.,"['Adobe Photoshop', 'CorelDRAW', 'Graphic Design']",Internship Certificate; Letter of recommendation; Informal dress code,1,remote,21-10-2025
22cc0ac4-91d7-4eee-96ea-02bd2a0cf15f,Java Full Stack Development,Applicate IT Solutions Private Limited,Technology,"[""Gurgaon"", ""122001""]","15,000",3,21-09-2025,Immediate,The Java Full Stack Development Intern will work on building end-to-end web and mobile applications.,Develop backend services using Java and Spring MVC; Create front-end interfaces with ReactJS and mobile apps with React Native; Collaborate on the full software development lifecycle; A job offer is available for strong performers.,"Proficiency in Java, Spring MVC, ReactJS, and React Native; A strong portfolio of full-stack projects; A passion for building robust and user-friendly applications; A collaborative and proactive developer.","['Java', 'Spring MVC', 'React Native', 'ReactJS', 'Full Stack Development']",Internship with job offer; Certificate; Informal dress code,2,onsite,21-10-2025
2389b68b-e9d6-464f-b34c-f2076a65a7f4,Proofreading,GiveIndia,Other,"[""Chennai"", ""600001""]","5,000",2,21-09-2025,Immediate,The Proofreading Intern will be responsible for ensuring the quality and accuracy of our written communications.,"Proofread and edit a variety of content, including reports, proposals, and marketing materials; Ensure excellent written and spoken English, checking for grammar, spelling, and style; Use MS-Excel for tracking content and revisions; Work in a structured, 5-day-a-week environment.",Exceptional proofreading and editing skills in English; A meticulous attention to detail; Proficiency in MS-Excel; A passion for quality and clarity in communication.,"['MS-Excel', 'English Proficiency (Spoken)', 'English Proficiency (Written)', 'Proofreading', 'Editing']",Internship Certificate; Letter of recommendation; Flexible work hours; 5 days a week,3,hybrid,21-10-2025
23918aaa-6bcb-4601-936a-c9b3f74cb9b4,Cloud Engineering,Axcess.io,Technology,"[""Bangalore"", ""560001""]","17,500",6,21-09-2025,Immediate,The Cloud Engineering Intern will gain hands-on experience with cloud infrastructure and services.,"Assist in deploying and managing applications on cloud platforms (like AWS, Azure, or GCP); Help automate infrastructure provisioning and management; Support the monitoring of cloud systems for performance and security; Learn about cloud architecture and best practices.",A strong interest in cloud computing and DevOps; Basic understanding of a programming or scripting language; Familiarity with Linux/Unix environments; Eagerness to learn new cloud technologies.,"['Cloud Computing', 'DevOps', 'Infrastructure Management']",Internship Certificate; 5 days a week; Competitive stipend,1,remote,21-10-2025
23b17077-19a4-4012-b201-c76044201d54,Social Media Marketing,Mellow Designs,Design,"[""Bangalore"", ""560001""]","5,000",3,21-09-2025,Immediate,The Social Media Marketing Intern will manage our design studio's online presence with a focus on creative content.,Write creative and engaging copy for our social media posts and blog; Manage our social media channels and interact with our community; Ensure excellent English proficiency in all communications; Collaborate with designers to create visual content.,"Excellent creative writing skills in English (spoken and written); A passion for design and social media; A creative and detail-oriented content creator; Ability to work in a 5-day-a-week, collaborative environment.","['Creative Writing', 'English Proficiency (Spoken)', 'English Proficiency (Written)', 'Social Media Marketing']",Internship Certificate; Letter of recommendation; Flexible work hours; Informal dress code; 5 days a week; Free snacks & beverages,1,onsite,21-10-2025
23e540e6-4cc3-4ed5-b2fc-e3ea03dd3285,UI & UX Analyst,Evineon Technologies,Technology,"[""Bangalore"", ""560001""]","18,000",3,21-09-2025,Immediate,The UI & UX Analyst Intern will help analyze and improve the user experience of our digital products.,"Conduct user research and analyze user behavior; Assist in creating wireframes, mockups, and prototypes; Gather and evaluate user requirements in collaboration with product managers; Help conduct usability testing and analyze feedback.","A strong interest in UI/UX design and user research; Analytical mindset with good problem-solving skills; Familiarity with UI/UX design tools (e.g., Figma, Adobe XD) is a plus; Excellent communication and collaboration skills.","['UI/UX Research', 'Wireframing', 'Usability Testing', 'Data Analysis']",Internship Certificate; Experience in a growing tech company,1,hybrid,21-10-2025
243cac72-3c52-446a-81f2-dc1816f235d2,Web Development,Pinetech IT Solutions,Technology,"[""Thiruvananthapuram"", ""695001""]","5,000",6,21-09-2025,Immediate,"The Web Development Intern will work on a variety of modern web and mobile frameworks, with a job offer possibility.",Develop web applications using PHP and Laravel; Build mobile apps with Ionic and React Native; Create dynamic front-ends with ReactJS; Collaborate on full-stack projects from start to finish.,"Experience with PHP, Laravel, Node.js, and front-end frameworks like ReactJS and React Native; A strong portfolio of web and mobile projects; A versatile developer passionate about learning new technologies; A job offer is available for strong performers.","['PHP', 'Node.js', 'LARAVEL', 'Ionic', 'React Native', 'ReactJS']",Internship with job offer; Certificate,2,onsite,21-10-2025
24e7185c-c471-4c27-9ab5-bd36a1b2f87f,Android/Flutter App Development,Surebot Technology Solutions,Technology,"[""Bangalore"", ""560001""]","10,000",6,21-09-2025,Immediate,The Android/Flutter App Development Intern will work on creating and enhancing our mobile applications.,"Develop cross-platform applications using Flutter or native Android; Collaborate with the team on app design, development, and testing; Write clean and maintainable code; Participate in the full app development lifecycle in a 5-day week.",Experience in mobile app development (Android or Flutter); A strong desire to learn and grow as a mobile developer; A good team player with problem-solving skills; A portfolio of personal projects is a plus.,"['Android', 'Flutter', 'Mobile App Development']",Internship Certificate; Informal dress code; 5 days a week,1,onsite,21-10-2025
25625a34-753b-4971-ad22-b13da30f89b9,Business Development (Sales),Webpulse Solution Private Limited,Technology,"[""Indore"", ""452001""]","8,000",6,21-09-2025,Immediate,"The Business Development (Sales) Intern will drive sales for our web solutions, with incentives and a job offer.",Identify and contact potential clients for our web design and development services; Follow up with leads and work towards closing deals; Learn about the web technology industry and sales strategies; This role is incentive-driven with a job offer for top performers.,A strong passion for sales and web technology; Excellent communication and negotiation skills; A self-motivated and results-driven attitude; Eager to grow in a tech sales role.,"['Sales', 'Web Technology', 'Lead Generation']",Internship with job offer; Certificate; Performance incentives,2,hybrid,21-10-2025
26304409-4299-49ba-b5ce-0c135d4ea9e7,Business Development (Sales),Digi Upaay,Technology,"[""Bangalore"", ""560001""]","5,000",6,21-09-2025,Immediate,The Business Development (Sales) Intern will support our sales efforts through email marketing and data management.,Manage and execute email marketing campaigns to generate leads; Use MS-Excel to track and analyze sales data and leads; Communicate with potential clients in English; Support the sales team in achieving their goals.,Experience with email marketing platforms; Strong proficiency in MS-Excel; Excellent spoken English and communication skills; A proactive and detail-oriented approach.,"['Email Marketing', 'MS-Excel', 'English Proficiency (Spoken)', 'Lead Generation']",Internship with job offer; Certificate; Letter of recommendation; Flexible work hours; Informal dress code; 5 days a week; Free snacks & beverages,2,onsite,21-10-2025
26b202bd-ade1-433e-8061-109375ac80a5,Business Development (Sales),ShreeRaj Technologies,Technology,"[""Ahmedabad"", ""380001""]","10,000",3,21-09-2025,Immediate,"The Business Development (Sales) Intern will focus on B2B client acquisition for our technology services, with incentives.",Identify and contact potential business clients to promote our services; Build and maintain strong client relationships; Use MS-Word and MS-Excel for preparing proposals and tracking sales; Communicate effectively in English to close deals.,Excellent spoken English and client relationship skills; Proficiency in MS-Word and MS-Excel; A confident and professional sales demeanor; This role is incentive-driven.,"['MS-Word', 'MS-Excel', 'Client Relationship', 'English Proficiency (Spoken)']",Internship Certificate; Letter of recommendation; Performance incentives,2,onsite,21-10-2025
2736053d-699e-4d0f-b60c-3298f0f9d3c3,Operations Management,YantroMitra Learning Technologies,Education,"[""Bangalore"", ""560001""]","2,000",3,21-09-2025,Immediate,The Operations Management Intern will support the smooth functioning of our EdTech company.,"Assist with the day-to-day operational tasks and processes; Help coordinate between the academic, tech, and sales teams; Support student and instructor-related administrative tasks; Contribute to improving operational efficiency.",Strong organizational and communication skills; A detail-oriented and problem-solving approach; An interest in the operations of an educational technology company; Ability to multitask effectively.,"['Operations Management', 'Coordination', 'Process Improvement']",Internship with job offer; Certificate; Letter of recommendation; Flexible work hours,1,remote,21-10-2025
273a6d6b-22d5-4186-b9b1-b1b058f1a055,Content Writing,Atcompliance,Other,"[""Bangalore"", ""560001""]","10,000",6,21-09-2025,Immediate,The Content Writing Intern will create professional content related to compliance and business services.,"Research and write articles, guides, and web content on compliance topics; Use MS-Office and MS-Word to draft and format documents; Ensure all content is accurate, well-researched, and easy to understand; Assist with editing and proofreading.",Excellent research and writing skills; Proficiency in MS-Office and MS-Word; Ability to write clearly about complex subjects; Strong attention to detail and accuracy.,"['MS-Office', 'MS-Word', 'Content Writing', 'Research']",Internship Certificate; Letter of recommendation; Flexible work hours; Informal dress code; 5 days a week; Free snacks & beverages,1,hybrid,21-10-2025
278e21b3-c392-4e4c-88dd-6b807bfd7ef6,Firmware,NUNAM (IMBUO EXPLORATION),Sustainability,"[""Bangalore"", ""560001""]","15,000",6,21-09-2025,Immediate,The Firmware Intern will work on embedded systems for our sustainable energy solutions.,Develop and debug firmware for microcontrollers using C programming; Work in a Linux environment for development and testing; Gain experience with tools like MATLAB for simulation and analysis; Collaborate with hardware engineers on system integration.,Strong proficiency in C programming and embedded systems; Experience with Linux and MATLAB is a plus; A passion for renewable energy and sustainable technology; Good problem-solving and debugging skills.,"['Embedded Systems', 'C Programming', 'MATLAB', 'Linux']",Internship with job offer; Certificate; Letter of recommendation; Free snacks & beverages,1,remote,21-10-2025
27edda05-1be5-49f4-a515-3da97b21c846,Social Media Marketing,Looks Saloon,Other,"[""Bangalore"", ""560001""]","10,000",3,21-09-2025,Immediate,The Social Media Marketing Intern will manage and grow the online presence of our salon.,"Create and schedule engaging content (photos, videos, stories) for our social media channels; Run campaigns to promote our services and attract new clients; Interact with our online community and respond to messages; Track and analyze social media metrics.",A passion for the beauty and wellness industry; Strong skills in social media content creation and management; A creative eye for visuals and trends; Excellent communication skills.,"['Social Media Marketing', 'Content Creation', 'Community Management']",Internship with job offer; Certificate; Letter of recommendation; Flexible work hours,1,hybrid,21-10-2025
285f48fa-2d12-45b8-9415-480f9520bb28,Executive Assistant Chief Of Staff,Iqbal Ahmed,Other,"[""Bangalore"", ""560001""]","10,000",6,21-09-2025,Immediate,The Executive Assistant/Chief of Staff Intern will provide high-level administrative and strategic support.,"Manage schedules, meetings, and communications for the executive; Assist with research, analysis, and preparation of documents for strategic projects; Act as a liaison between the executive and other stakeholders; A job offer is available for interns who excel in this role.","Excellent organizational, communication, and problem-solving skills; A high level of professionalism and discretion; A proactive and strategic thinker; Ability to work in a fast-paced, 5-day-a-week environment.","['Executive Support', 'Strategic Planning', 'Communication']",Internship with job offer; Letter of recommendation; Flexible work hours; 5 days a week,1,hybrid,21-10-2025
2881b10c-e38c-4676-bb63-7966ea776068,Social Media Marketing,Ashtamangal Solutions And Services,Technology,"[""Chennai"", ""600001""]","4,000",2,21-09-2025,Immediate,The Social Media Marketing Intern will handle our digital presence with a wide range of creative and technical skills.,Manage social media and create content using WordPress and Adobe Photoshop; Write creative and persuasive copy for ads and posts; Execute digital marketing campaigns with Google AdWords; Create simple animations for promotions.,"A versatile skill set including digital marketing, copywriting, design (Photoshop), and WordPress; Knowledge of Google AdWords and Instagram marketing; Excellent written English; A creative and proactive marketer.","['Adobe Photoshop', 'WordPress', 'Digital Marketing', 'Google AdWords', 'Creative Writing', 'Copywriting', 'Animation', 'English Proficiency (Written)', 'Instagram Marketing']",Internship with job offer; Certificate; Letter of recommendation,1,hybrid,21-10-2025
295b4a03-0238-4ff9-9ca7-04ebceaeb8e3,Graphic Design,Brih Solutions,Technology,"[""Bangalore"", ""560001""]","10,000",6,21-09-2025,Immediate,The Graphic Design Intern will create a variety of visual content for our technology solutions company.,"Design graphics for marketing materials, our website, and social media; Collaborate with the marketing team on visual concepts and campaigns; Ensure all designs are on-brand and visually appealing; A job offer is available for top performers.","A strong creative portfolio showcasing your design skills; Proficiency with graphic design software (e.g., Adobe Creative Suite); A good team player with a passion for design; Ability to work with flexible hours.","['Graphic Design', 'Branding', 'Visual Communication']",Internship with job offer; Certificate; Letter of recommendation; Flexible work hours; Informal dress code; Free snacks & beverages,1,onsite,21-10-2025
29ebacb3-e07e-4c34-99ec-11dd8864d5fb,iOS App Development,Fincomienzo Solutions Private Limited,Technology,"[""Chennai"", ""600001""]","2,000",4,21-09-2025,Immediate,"The iOS App Development Intern will work on creating and maintaining applications for the iOS platform, with potential exposure to .NET.",Develop and debug mobile applications for iOS devices; Collaborate with a team to design and implement new features; Work with .NET technologies for backend integration; Participate in the full software development lifecycle.,Familiarity with iOS development (Swift or Objective-C); Knowledge of .NET is a strong advantage; A passion for mobile technology and problem-solving; Ability to learn and adapt in a fast-paced environment.,"['.NET', 'iOS', 'Mobile App Development']",Internship with job offer; Certificate; Letter of recommendation; Flexible work hours; Performance incentives,1,hybrid,21-10-2025
2a01a957-8efa-4e48-bbb8-e9affa4fbebd,Retail Sales,Lo! Foods,Healthcare,"[""Bangalore"", ""560001""]","5,000",2,21-09-2025,Immediate,The Retail Sales Intern will be responsible for promoting and selling our healthy food products in a retail setting.,Engage with customers to explain the benefits of our products; Assist customers with their purchase decisions and drive sales; Help with in-store merchandising and product displays; Provide excellent customer service.,A passion for sales and healthy living; Excellent communication and interpersonal skills; A friendly and customer-oriented personality; Prior retail or sales experience is a plus.,"['Retail Sales', 'Customer Service', 'Merchandising']",Internship Certificate; Experience in the health food industry,3,hybrid,21-10-2025
2a2474b5-d225-4d58-8613-22810044b9bc,Business Development (Sales),Shining Cloud,Technology,"[""Bangalore"", ""560001""]","8,000",2,21-09-2025,Immediate,The Business Development (Sales) Intern will support our sales team with data management and presentations.,"Use MS-Office (Excel, PowerPoint) to create sales reports and presentations; Assist with market research and lead generation; Help manage the sales pipeline and client database; Support the sales team in achieving their targets.","High proficiency in MS-Office, especially MS-Excel and MS-PowerPoint; Good communication and organizational skills; An interest in a sales career in the technology sector; A proactive and detail-oriented team player.","['MS-Office', 'MS-PowerPoint', 'MS-Excel', 'Sales Support']",Internship Certificate; Letter of recommendation; Informal dress code; 5 days a week,1,remote,21-10-2025
2a87f8fc-4b51-4aa7-acaa-7370bd26bfa8,Social Media Marketing,GroomX,Education,"[""Bangalore"", ""560001""]","8,000",6,21-09-2025,Immediate,The Social Media Marketing Intern will create engaging content and manage our digital presence.,Develop and execute social media and digital marketing strategies; Write creative and high-quality content with excellent written English; Engage with our online community to build our brand; Analyze performance and optimize our marketing efforts.,"Strong skills in social media marketing, digital marketing, and creative writing; Excellent written English proficiency; A strategic and creative mindset; A passion for personal development and education.","['Social Media Marketing', 'Digital Marketing', 'Creative Writing', 'English Proficiency (Written)']",Internship Certificate; Letter of recommendation; Flexible work hours,1,remote,21-10-2025
2b198c2d-f528-491f-9921-32578e02d173,Architecture,ALOHA Architects,Design,"[""Bangalore"", ""560001""]","5,000",3,21-09-2025,Immediate,The Architecture Intern will support our design team on various architectural projects.,Assist with drafting and 2D design using AutoCAD; Create 3D models and visualizations with Google SketchUp; Use Adobe Photoshop for post-production and presentation boards; Collaborate with architects on design development.,"Proficiency in AutoCAD, Adobe Photoshop, and Google SketchUp; A strong portfolio of architectural design work; Currently pursuing a degree in Architecture; Creative and detail-oriented.","['AutoCAD', 'Adobe Photoshop', 'Google SketchUp', 'Architectural Design']",Internship Certificate; Letter of recommendation; Informal dress code,2,hybrid,21-10-2025
2d00bc9a-1522-490e-9438-d8721b8abac7,UI (React) Development,Applicate IT Solutions Private Limited,Technology,"[""Gurgaon"", ""122001""]","15,000",3,21-09-2025,Immediate,The UI (React) Development Intern will be responsible for building and maintaining the user interface of our web applications.,"Develop responsive and interactive user interfaces using ReactJS and JavaScript; Collaborate with UX designers and backend developers to implement new features; Write clean, efficient, and well-tested code; A job offer is available for outstanding interns.",Strong proficiency in JavaScript and ReactJS; A solid understanding of modern front-end development; A portfolio of React projects is required; A passion for creating exceptional user experiences.,"['JavaScript', 'ReactJS', 'UI Development']",Internship with job offer; Certificate; Informal dress code,2,remote,21-10-2025
2d680b00-b295-4d45-af96-e795f1d075d1,Interior Design,12 Square Interiors,Design,"[""Bangalore"", ""560001""]","10,000",2,21-09-2025,Immediate,The Interior Design Intern will assist our team in creating and executing design projects from concept to completion.,"Create 2D drawings and 3D models using AutoCAD, Google SketchUp, and 3ds Max; Assist with material selection and creating mood boards; Support senior designers in client presentations; Help coordinate with vendors and contractors on-site.","Proficiency in AutoCAD, Google SketchUp, and 3ds Max; A creative portfolio showcasing design projects; Strong understanding of interior design principles; Excellent communication and teamwork skills.","['AutoCAD', 'Google SketchUp', '3ds Max', 'Interior Design']",Internship with job offer; Certificate; Letter of recommendation,2,hybrid,21-10-2025
2ea56435-a937-4c7d-a181-5eda0aa432ca,DevOps Engineering,Applicate IT Solutions Private Limited,Technology,"[""Gurgaon"", ""122001""]","15,000",3,21-09-2025,Immediate,The DevOps Engineering Intern will work on automating and streamlining our software development and deployment processes.,Assist with setting up and managing CI/CD pipelines using Jenkins; Work with cloud infrastructure on Amazon Web Services (AWS); Use Linux systems for server administration and scripting; Learn and apply DevOps best practices for automation and monitoring.,"A strong interest in DevOps and cloud engineering; Experience with Linux, Jenkins, and AWS is highly desirable; A problem-solving mindset with a passion for automation; A job offer is available for successful interns.","['Linux', 'DevOps', 'Jenkins', 'Amazon Web Services (AWS)']",Internship with job offer; Certificate; Informal dress code,1,remote,21-10-2025
2edfb27c-8462-402d-b48a-24227f2d1dab,Web Development,UCPro LLP,Technology,"[""Bangalore"", ""560001""]","6,000",2,21-09-2025,Immediate,"The Web Development Intern will work on a variety of technologies, including PHP, Laravel, React, and Vue.js.","Develop and maintain web applications using PHP, MySQL, and JavaScript; Work with modern frameworks like Laravel, ReactJS, and Vue.js; Assist with both front-end and back-end development tasks; Collaborate with a team in a Linux environment.","Strong skills in PHP, MySQL, and JavaScript; Experience with Laravel, ReactJS, or Vue.js is a significant plus; Familiarity with Linux; A portfolio of web projects is highly encouraged.","['PHP', 'MySQL', 'JavaScript', 'Linux', 'LARAVEL', 'ReactJS', 'Vue Js']",Internship Certificate; Letter of recommendation; Flexible work hours; Informal dress code; 5 days a week,1,hybrid,21-10-2025
2ee49e69-8497-4ac4-be51-db121acaa0de,Content Writing,Baraati Media & Entertainment Private Limited,Other,"[""Bangalore"", ""560001""]","8,000",3,21-09-2025,Immediate,The Content Writing Intern will create engaging content for our wedding media platform.,"Write articles and blog posts about weddings, events, and related topics; Ensure excellent spoken and written English in all content; Collaborate with the team on content ideas and strategy; Work in a structured, 5-day-a-week environment.",A passion for weddings and lifestyle content; Excellent blogging and writing skills in English; A creative and reliable writer; A job offer is available for interns who excel.,"['Blogging', 'English Proficiency (Spoken)', 'English Proficiency (Written)', 'Content Writing']",Internship with job offer; Certificate; Letter of recommendation; 5 days a week,1,remote,21-10-2025
2f354961-9ced-4aa2-84c2-a036b4f34961,Marketing,Icecreamlabs,Technology,"[""Gurgaon"", ""122001""]","10,000",2,21-09-2025,Immediate,The Marketing Intern will support our marketing team in a fast-paced technology company.,"Assist with the execution of marketing campaigns and initiatives; Help with market research and competitor analysis; Support content creation for our digital channels; Work in a collaborative, 5-day-a-week environment.",A strong interest in a marketing career in the tech industry; Good communication and analytical skills; A proactive and eager-to-learn attitude; A great team player.,"['Marketing', 'Market Research', 'Campaign Execution']",Letter of recommendation; 5 days a week,1,hybrid,21-10-2025
2f3e3087-160e-4237-86f8-56a01b7d661a,Graphic Design,Volopay,Finance,"[""Bangalore"", ""560001""]","20,000",3,21-09-2025,Immediate,The Graphic Design Intern will create high-quality visual designs and animations for our FinTech company.,"Design graphics and user interfaces using Figma; Create motion graphics and animations with Adobe After Effects; Collaborate with the marketing and product teams on visual design; Work in a fast-paced, 5-day-a-week environment.",Expertise in Figma and Adobe After Effects; A strong portfolio showcasing modern UI design and motion graphics; A creative and detail-oriented designer with a passion for FinTech; A great team player.,"['Adobe After Effects', 'Figma', 'UI/UX Design', 'Motion Graphics']",Internship Certificate; Letter of recommendation; Informal dress code; 5 days a week; Competitive stipend,1,hybrid,21-10-2025
2fd6102a-1730-44c4-8666-fceff40e578e,Field Sales,Abhigrow Solutions Private Limited,Technology,"[""Delhi"", ""110001""]","5,000",1,21-09-2025,Immediate,This is a one-month Field Sales Internship focused on B2B client acquisition.,"Conduct on-field visits to potential business clients; Present and sell our solutions, communicating in English and Hindi; Manage leads and sales activities using Salesforce; Work towards achieving weekly sales targets.","Excellent spoken English and Hindi; A strong interest and aptitude for field sales; Familiarity with Salesforce is a plus; A confident, energetic, and results-driven individual.","['Salesforce', 'English Proficiency (Spoken)', 'Hindi Proficiency (Spoken)', 'Field Sales']",Internship Certificate; Letter of recommendation,1,remote,21-10-2025
3021d16e-1f5a-447c-b2ba-60dc84868f29,Video Making Editing,My Media City,Other,"[""Bangalore"", ""560001""]","5,000",2,21-09-2025,Immediate,The Video Making/Editing Intern will work with a wide array of professional video and audio editing software.,"Edit and produce videos using Adobe Premiere Pro, Final Cut Pro, and Sony Vegas Pro; Create motion graphics and effects with After Effects and Illustrator; Edit audio with Adobe Audition; Work in a creative, 5-day-a-week environment.","Expertise across multiple video editing platforms (Adobe suite, Final Cut, etc.); A strong portfolio showcasing your video production skills; A creative and technically proficient editor; A collaborative and deadline-driven mindset.","['Adobe Illustrator', 'Adobe Premiere Pro', 'Final Cut Pro', 'Adobe Creative Suite', 'Sony Vegas Pro', 'Adobe Audition', 'Adobe After Effects']",Internship Certificate; Letter of recommendation; Flexible work hours; 5 days a week,1,remote,21-10-2025
30a04d3a-924e-4041-8deb-71f173fb33ed,Business Development (Sales),The Majesstine Sports,Other,"[""Bangalore"", ""560001""]","9,500",3,21-09-2025,Immediate,The Business Development (Sales) Intern will support sales and client management for our sports facility.,Reach out to corporate clients and groups to promote our sports facilities; Prepare proposals and presentations using MS-Office; Maintain good communication with clients in English; Assist with on-site events and client visits.,Proficiency in MS-Office; Strong English communication skills (spoken and written); An outgoing personality with an interest in sports; Excellent organizational and sales skills.,"['MS-Office', 'English Proficiency (Spoken)', 'English Proficiency (Written)', 'Sales']",Internship with job offer; Certificate; Letter of recommendation; Informal dress code; 5 days a week,1,onsite,21-10-2025
30ff1ec4-8589-4165-a2e3-394b819ff78e,Animation,Jinoy Dave,Design,"[""Ahmedabad"", ""380001""]","8,000",2,21-09-2025,Immediate,The Animation Intern will assist in creating 2D and/or 3D animations for various projects.,"Support the lead animator in creating animated sequences; Assist with storyboarding, modeling, and rendering tasks; Learn and apply animation principles and software; Collaborate with a creative team on exciting projects.","A strong passion for animation and a creative portfolio; Familiarity with animation software (e.g., Blender, Maya, Adobe Animate); A good team player with a willingness to learn; Strong attention to detail.","['Animation', '3D Modeling', 'Storyboarding']",Internship Certificate; Letter of recommendation,1,remote,21-10-2025
31e7cdbc-f8ed-4fb6-a736-2ecbf75710ce,Business Development (Sales),Codingal Education Private Limited,Education,"[""Bangalore"", ""560001""]","5,000",3,21-09-2025,Immediate,The Business Development (Sales) Intern will help drive admissions for our online coding courses for kids.,Contact potential customers (parents) to explain the benefits of our coding courses; Follow up on leads and guide them through the enrollment process; Use MS-Office to track leads and sales progress; Achieve weekly and monthly sales targets.,Excellent spoken English and persuasive communication skills; Proficiency in MS-Office; A passion for education and technology; A target-driven and enthusiastic attitude.,"['MS-Office', 'English Proficiency (Spoken)', 'Sales', 'Lead Conversion']",Internship Certificate; Letter of recommendation; Sales training,5,hybrid,21-10-2025
31eb88ee-1175-4121-8368-6e3771cbcdad,Accountancy,Interview Cracker,Education,"[""Bangalore"", ""560001""]","22,000",1,21-09-2025,Immediate,"This is a one-month, high-stipend Accountancy Internship in a multilingual environment, with a job offer.","Assist with complex accounting tasks and financial modeling; Build and maintain client relationships, communicating in English, Hindi, and Kannada; Prepare financial reports and analysis; This role requires excellent multilingual communication skills.","Expertise in Accounting and Financial Modeling; Strong client relationship skills; Excellent proficiency in English, Hindi, and Kannada (spoken and written); A highly motivated and professional individual.","['Accounting', 'Financial Modeling', 'Kannada', 'Client Relationship', 'English Proficiency (Spoken)', 'English Proficiency (Written)', 'Hindi Proficiency (Spoken)', 'Kannada Proficiency (Spoken)', 'Kannada Proficiency (Written)']",Internship with job offer; Certificate; Top-tier stipend,1,remote,21-10-2025
320a8e05-c6c4-4ab6-a512-38dc00c9d65d,Inventory Management,BUMSONTHESADDLE,Other,"[""Bangalore"", ""560001""]","8,000",6,21-09-2025,Immediate,The Inventory Management Intern will oversee and optimize our stock of cycling products and accessories.,Manage inventory levels and conduct regular stock audits; Use MS-Excel to track inventory and forecast demand; Write product descriptions and other copy for our e-commerce site; Communicate with suppliers and handle order processing.,Strong proficiency in MS-Excel; Excellent English writing skills for copywriting; Good communication skills for supplier coordination; Meticulous attention to detail and organizational skills.,"['MS-Excel', 'Copywriting', 'English Proficiency (Spoken)', 'English Proficiency (Written)', 'Inventory Control']",Internship with job offer; Certificate; Letter of recommendation; Flexible work hours,1,onsite,21-10-2025
326bf318-6a7d-4903-af1b-7b4873016b78,Campus Ambassador,CollegeBol,Education,"[""Ahmedabad"", ""380001""]","5,000",2,21-09-2025,Immediate,The Campus Ambassador Intern will represent our brand and promote our services on their college campus.,Promote CollegeBol through social media and on-campus activities; Organize and lead events to engage students; Collect feedback from students to help us improve our services; Create presentations and reports on campus activities using MS-PowerPoint.,Currently enrolled as a college student with a strong campus network; Excellent communication and leadership skills; Proficient in social media marketing and MS-PowerPoint; A proactive and outgoing personality.,"['Social Media Marketing', 'MS-PowerPoint', 'Event Management', 'Public Speaking']",Internship Certificate; Letter of recommendation; Flexible work hours; Performance-based rewards,10,onsite,21-10-2025
33493cd9-8891-471f-8bf4-117704f63da4,Architecture,WebxInfinity IT Solutions A Venture Of Blowpix Solutions Pvt Ltd,Technology,"[""Bangalore"", ""560001""]","2,000",2,21-09-2025,Immediate,The Architecture Intern will gain experience in design and planning within our IT solutions company.,Assist architects and designers with drafting and design tasks; Help prepare architectural drawings and presentations; Learn to use design software under supervision; Support the team with project documentation.,Currently pursuing a degree in Architecture; A strong desire to learn and a passion for design; Basic familiarity with architectural software is a plus; Good communication and teamwork skills.,"['Architecture', 'Drafting', 'Design']",Internship Certificate; Flexible work hours,1,onsite,21-10-2025
336c39ea-f675-4987-a7ac-b89b5304f936,Business Development (Sales),Transchamp,Technology,"[""Bangalore"", ""560001""]","15,000",6,21-09-2025,Immediate,The Business Development (Sales) Intern will support sales operations using Salesforce and other tools.,Assist with managing leads and customer data in Salesforce; Support the sales team in preparing reports and dashboards; Help with client communication and follow-ups; Learn and apply sales strategies in a tech environment.,Familiarity with Salesforce or other CRM software; Strong communication and organizational skills; Interest in a career in technology sales; Ability to work effectively in a team.,"['Salesforce', 'CRM Management', 'Lead Generation']",Internship Certificate; Valuable industry experience,1,remote,21-10-2025
338e4634-e04b-4acd-8ab7-06053193bfbe,Mobile App Development,Zutawa Studios Private Limited,Technology,"[""Bangalore"", ""560001""]","7,500",3,21-09-2025,Immediate,The Mobile App Development Intern will work on building and maintaining Android applications.,Develop and enhance Android applications using Java; Integrate backend services using Firebase; Collaborate with the team to design and implement new app features; Troubleshoot and debug to improve application performance.,Strong proficiency in Java and Android development; Experience with Firebase is a significant advantage; A portfolio of Android projects is required; A passion for mobile technology and creating great user experiences.,"['Java', 'Android', 'Firebase', 'Mobile App Development']",Internship Certificate; Letter of recommendation; Informal dress code; Free snacks & beverages,2,remote,21-10-2025
33bcba55-a728-40ea-9e00-db91eee038c5,Graphic Design,Thirumathi Herbal & Natural Products,Other,"[""Bangalore"", ""560001""]","11,000",6,21-09-2025,Immediate,The Graphic Design Intern will create visual content for our brand of herbal and natural products.,"Design packaging, labels, and marketing materials; Create graphics for social media and our website; Use Adobe Photoshop, CorelDRAW, and Illustrator to produce high-quality designs; Collaborate with the marketing team on branding initiatives.","Strong proficiency in Adobe Photoshop, CorelDRAW, and Adobe Illustrator; A portfolio that demonstrates creativity and a clean design aesthetic; Interest in natural products and wellness; Ability to work independently.","['Adobe Photoshop', 'CorelDRAW', 'Adobe Illustrator', 'Branding']",Internship Certificate; Letter of recommendation; Flexible work hours; Informal dress code; 5 days a week; Free snacks & beverages,1,hybrid,21-10-2025
33fa9fbd-3462-4c90-b546-8eb1faccc19b,Web Development,Divineshop Ecommerce Solution Private Limited,Technology,"[""Chennai"", ""600001""]","5,000",4,21-09-2025,Immediate,The Web Development Intern will work on our e-commerce platform with a wide and diverse technology stack.,"Develop and maintain our Magento-based e-commerce site using Python and Django; Create front-end components with HTML, CSS, JavaScript, and Vue.js; Manage databases with PostgreSQL; Work with AWS for cloud deployment and services.","A highly versatile developer with skills across a broad tech stack (HTML, CSS, JS, Python, Django, Magento, Vue.js, AWS, etc.); A strong portfolio of e-commerce or complex web projects; A passion for learning and tackling new challenges; Experience with social media marketing and Adobe Creative Suite is a plus.","['HTML', 'CSS', 'Social Media Marketing', 'JavaScript', 'Python', 'Adobe Photoshop', 'Adobe Creative Suite', 'Magento', 'Django', 'PostgreSQL', 'Vue Js', 'Amazon Web Server (AWS)']",Internship Certificate; Experience with a complex e-commerce stack,1,hybrid,21-10-2025
346313e6-f191-471b-a4a7-937c4ec2f588,Operations,FunStay,Other,"[""Bangalore"", ""560001""]","3,000",2,21-09-2025,Immediate,The Operations Intern will support our hospitality platform with multilingual communication and data management.,"Assist with daily operations, including managing bookings and customer support; Communicate with clients and partners in English, Hindi, Tamil, and Kannada; Use MS-Excel to track and manage operational data; A job offer is available for strong performers.",Excellent spoken and written proficiency in English and other regional languages; Proficiency in MS-Excel; Strong organizational and problem-solving skills; This role is incentive-driven.,"['MS-Excel', 'English Proficiency (Spoken)', 'English Proficiency (Written)', 'Hindi Proficiency (Spoken)', 'Tamil Proficiency (Spoken)', 'Kannada Proficiency (Spoken)']",Internship with job offer; Certificate; Informal dress code; Performance incentives,2,onsite,21-10-2025
34ab58f1-3cd7-4d69-a5df-5a948e2da25c,Business Development (Sales),Tesseract Education,Education,"[""Chennai"", ""600001""]","5,000",3,21-09-2025,Immediate,The Business Development (Sales) Intern will promote and sell our educational products and services.,"Identify and contact potential customers, including students and institutions; Present our educational offerings and their benefits; Follow up on leads and work towards sales targets; Build and maintain relationships with clients.",A strong interest in sales and the education sector; Excellent communication and presentation skills; A proactive and goal-oriented mindset; A passion for making an impact in education.,"['Sales', 'EdTech', 'Lead Generation']",Internship Certificate; Letter of recommendation; Flexible work hours; Informal dress code,2,remote,21-10-2025
35cff062-6bae-4cf2-af31-5c12750264fe,Marketing,RightMark Solutions,Other,"[""Chennai"", ""600001""]","10,000",1,21-09-2025,Immediate,"The Marketing Intern will support our campaigns in a multilingual environment for a one-month, high-impact role.","Assist with marketing and outreach activities to a diverse audience; Communicate effectively with clients and partners in English, Telugu, and Tamil; Help create and distribute marketing materials; A job offer is available for exceptional performance.","Excellent spoken and written English, and spoken proficiency in Telugu and Tamil; A strong interest in a marketing career; Great interpersonal and communication skills; A proactive and adaptable individual.","['English Proficiency (Spoken)', 'English Proficiency (Written)', 'Telugu Proficiency (Spoken)', 'Tamil Proficiency (Spoken)']",Internship with job offer; Certificate; Letter of recommendation; Flexible work hours,1,onsite,21-10-2025
36ef6cce-c5c3-4a07-9944-d030c34d7259,Operations,Logic Legends,Technology,"[""Bangalore"", ""560001""]","5,000",6,21-09-2025,Immediate,"The Operations Intern will support our business with a mix of administrative, marketing, and accounting tasks.",Assist with daily operational and administrative duties; Execute email marketing campaigns to support sales; Handle basic accounting and bookkeeping tasks; Communicate with clients in English and Kannada.,"A versatile skill set including basic Accounting, Email Marketing, and strong communication; Spoken proficiency in English and Kannada; A highly organized and proactive individual; Ability to work with flexible hours.","['Accounting', 'Email Marketing', 'English Proficiency (Spoken)', 'English Proficiency (Written)', 'Kannada Proficiency (Spoken)']",Internship Certificate; Letter of recommendation; Flexible work hours; Informal dress code,1,remote,21-10-2025
36fb4cbf-5fb3-41b5-b651-d99d3391b09b,Video Making Editing,Cook With Parul,Other,"[""Bangalore"", ""560001""]","7,000",6,21-09-2025,Immediate,The Video Making/Editing Intern will create engaging food and recipe videos for our social media channels.,Shoot and edit high-quality recipe videos for platforms like YouTube and Instagram; Assist with social media marketing by creating video-based content; Collaborate on new video concepts and formats; Manage video production workflow from start to finish.,"Strong skills in video editing and making; A passion for food, cooking, and content creation; Experience with social media video formats; A creative and detail-oriented video producer.","['Social Media Marketing', 'Video Editing', 'Video Production']",Internship Certificate; Letter of recommendation; Flexible work hours,1,hybrid,21-10-2025
37063c47-4ed9-43cf-853c-4abda7ebe119,Digital Marketing,TREEHACK,Technology,"[""Bangalore"", ""560001""]","8,000",3,21-09-2025,Immediate,The Digital Marketing Intern will be responsible for executing our online marketing strategies.,Manage and grow our social media presence; Implement SEO techniques to improve organic visibility; Assist with creating and running digital marketing campaigns; Analyze performance data and provide actionable insights.,"A solid understanding of digital marketing, social media marketing, and SEO; An analytical mindset with a focus on results; Good communication and teamwork skills; A proactive and eager learner.","['Social Media Marketing', 'Digital Marketing', 'Search Engine Optimization (SEO)']",Internship Certificate; Informal dress code,1,hybrid,21-10-2025
371b214b-d1e3-4b25-a08b-256e691cc6bc,Mobile App Development,Indigo Solutions,Technology,"[""Bangalore"", ""560001""]","15,000",3,21-09-2025,Immediate,The Mobile App Development Intern will focus on building and maintaining native iOS applications.,"Develop and enhance our iOS applications using Swift; Collaborate with the design and product teams to create a great user experience; Write clean, maintainable code and fix bugs; Participate in the full iOS development lifecycle.",Strong proficiency in Swift and native iOS development; A portfolio of iOS projects is highly recommended; A passion for Apple technologies and creating beautiful apps; A collaborative and problem-solving mindset.,"['Swift', 'iOS', 'Mobile App Development']",Internship Certificate; Letter of recommendation; Informal dress code; Competitive stipend,1,remote,21-10-2025
3757d687-6dbc-49ae-b38f-70584f5384ed,Financial Advisor Training,I Cap Financial Services,Finance,"[""Bangalore"", ""560001""]","5,000",3,21-09-2025,Immediate,This internship provides training and practical experience to become a Financial Advisor.,Learn about various financial products and services; Assist senior advisors in client meetings and financial planning; Conduct market research and analysis; Develop client relationship and communication skills.,"A strong interest in finance and financial planning; Excellent interpersonal and communication skills; A desire to help clients achieve their financial goals; Currently pursuing a degree in finance, business, or a related field.","['Financial Planning', 'Client Relationship', 'Market Analysis']",Internship Certificate; Letter of recommendation; Flexible work hours; Informal dress code; 5 days a week; Free snacks & beverages,3,remote,21-10-2025
38375b19-15da-4c7d-b213-239505b25219,Game Design,Shining Cloud,Technology,"[""Bangalore"", ""560001""]","8,000",2,21-09-2025,Immediate,The Game Design Intern will contribute to the creative process of developing new games.,Assist with brainstorming and documenting game concepts and mechanics; Write creative copy for in-game text and promotional materials; Use Adobe After Effects to create simple animations or UI effects; Collaborate with artists and developers on game projects.,A strong passion for game design and playing games; Creative skills in copywriting and visual effects (Adobe After Effects); A great team player with good communication skills; A portfolio of game ideas or projects is a plus.,"['Copywriting', 'Adobe After Effects', 'Game Design']",Internship Certificate; Letter of recommendation; Informal dress code,1,onsite,21-10-2025
385426a4-49e8-440e-aee8-d0dd7c8f14a9,Digital Marketing,Paskon (India) Private Limited,Manufacturing,"[""Bangalore"", ""560001""]","8,000",3,21-09-2025,Immediate,The Digital Marketing Intern will manage a full range of online marketing activities to support our growth.,"Execute digital marketing campaigns across social media, SEM (Google AdWords), and SEO; Analyze campaign performance and optimize for better results; Help create and manage content for our digital channels; Work in a structured, 5-day-a-week environment.","Hands-on experience with social media marketing, SEM, and SEO; Strong analytical skills and familiarity with tools like Google AdWords; Excellent communication skills; A passion for digital marketing.","['Social Media Marketing', 'Search Engine Marketing (SEM)', 'Digital Marketing', 'Google AdWords', 'Search Engine Optimization (SEO)']",Internship with job offer; Letter of recommendation; 5 days a week,1,hybrid,21-10-2025
38e710e7-8471-4c8f-820b-398bf5c10dc6,Digital Marketing,Yo Doozy,Technology,"[""Bangalore"", ""560001""]","5,000",3,21-09-2025,Immediate,"The Digital Marketing Intern will be involved in all aspects of our online marketing, including SEO, SEM, and social media.",Assist with Search Engine Optimization (SEO) and Search Engine Marketing (SEM) campaigns; Help manage social media channels and create content; Analyze marketing data to measure campaign effectiveness; Support the digital marketing team with various tasks.,"A solid understanding of digital marketing, including SEO, SEM, and social media; Strong analytical skills; Good written and verbal communication skills; A passion for staying updated on digital trends.","['Social Media Marketing', 'Search Engine Marketing (SEM)', 'Digital Marketing', 'Search Engine Optimization (SEO)']",Internship Certificate; Letter of recommendation; Flexible work hours; 5 days a week,1,onsite,21-10-2025
392f6a84-73a9-4311-82a3-18d29e9ecd5e,Content Marketing,Digibook Technologies Private Limited,Technology,"[""Bangalore"", ""560001""]","14,000",3,21-09-2025,Immediate,"The Content Marketing Intern will be a key part of our marketing team, with a potential job offer.","Develop and execute a content marketing strategy; Create a variety of content, including articles, case studies, and social media posts; Use SEO best practices to optimize content for search engines; Analyze content performance and make data-driven improvements.",Strong writing and content creation skills; A good understanding of content marketing and SEO; An analytical mindset to measure content effectiveness; A proactive and strategic thinker.,"['Content Marketing', 'SEO', 'Content Strategy']",Internship with job offer; 5 days a week; Competitive stipend,1,onsite,21-10-2025
3938d7f6-5e74-41b1-8cdb-efc4c9dcc0cc,Mobile App Development,IClimb Systems India Private Limited,Technology,"[""Bangalore"", ""560001""]","15,000",6,21-09-2025,Immediate,The Mobile App Development Intern will work on building and enhancing our Android applications using Java and Flutter.,"Develop and maintain native Android (Java) and cross-platform (Flutter) applications; Collaborate with the team on app design, features, and functionality; Write clean, efficient code and participate in code reviews; Work in a 5-day-a-week agile environment.","Strong experience in mobile development with Java, Flutter, and the Android SDK; A portfolio of relevant mobile app projects; A passion for building high-quality mobile applications; A collaborative and proactive developer.","['Java', 'Flutter', 'Android', 'Mobile App Development']",Internship Certificate; Letter of recommendation; Flexible work hours; Informal dress code; 5 days a week,1,remote,21-10-2025
39a67291-aecf-4403-bc0d-76cc5a06bc37,Web Development,Mind Fleck Private Limited,Technology,"[""Bangalore"", ""560001""]","2,000",3,21-09-2025,Immediate,"The Web Development Intern will gain practical experience in building websites, with incentives and a job offer.",Assist senior developers with front-end and back-end development tasks; Write and debug code for web applications; Help with website maintenance and updates; This is a 5-day-a-week role with performance incentives.,"A foundational knowledge of web development (HTML, CSS, JavaScript); A strong desire to learn and grow as a developer; A good team player with a positive attitude; A job offer is available for motivated interns.","['Web Development', 'HTML', 'CSS', 'JavaScript']",Internship with job offer; Certificate; Letter of recommendation; 5 days a week; Performance incentives,2,onsite,21-10-2025
3a0190c9-7fd1-483b-9143-25faa8922f79,Business Development (Sales),Shreeram Technologies Services Private Limited,Technology,"[""Chennai"", ""600001""]","8,000",3,21-09-2025,Immediate,"The Business Development (Sales) Intern will drive lead generation through email marketing, with performance incentives.",Develop and execute email marketing campaigns to generate sales leads; Research and build lists of potential clients; Track and analyze campaign performance to optimize results; Support the sales team with qualified leads.,Experience with email marketing tools and strategies; Strong research and analytical skills; Excellent written communication; A self-motivated and results-oriented approach.,"['Email Marketing', 'Lead Generation', 'Sales']",Internship Certificate; Letter of recommendation; Flexible work hours; Performance incentives,1,onsite,21-10-2025
3b4f4b59-bd0d-4c49-b0f3-9c6c7a22ddf0,Business Development (Sales),American Institute Of Big Data Professionals,Education,"[""Bangalore"", ""560001""]","3,000",2,21-09-2025,Immediate,The Business Development (Sales) Intern will promote our big data training programs to potential students and professionals.,Communicate with prospective learners to explain our courses and career outcomes; Follow up with leads and assist them with the enrollment process; Maintain excellent written and spoken English in all communications; Work towards achieving admission targets.,Excellent English proficiency (spoken and written); Strong communication and interpersonal skills; A passion for sales and education technology; A goal-oriented and persuasive personality.,"['English Proficiency (Spoken)', 'English Proficiency (Written)', 'Sales', 'Educational Counseling']",Internship with job offer; Certificate; Letter of recommendation; Flexible work hours; Informal dress code,3,remote,21-10-2025
3b81168a-a97c-4559-8608-748a469ee49a,Materials Science Chemical Market Research,Ideapoke Technologies Private Limited,Research,"[""Bangalore"", ""560001""]","8,000",3,21-09-2025,Immediate,The Market Research Intern will focus on the Materials Science and Chemical industries.,"Conduct in-depth market research on new materials, chemicals, and technologies; Analyze market trends, drivers, and competitive landscapes; Prepare detailed research reports and summaries; A strong background in Chemistry is required for this technical research role.","A degree or strong background in Chemistry or Materials Science; Excellent research and analytical skills; Strong written communication skills for report writing; Ability to work in a structured, 5-day-a-week environment.","['Chemistry', 'Market Research', 'Materials Science', 'Technical Analysis']",Internship Certificate; Letter of recommendation; 5 days a week,1,remote,21-10-2025
3c95a296-cc4e-47ef-99ea-a7333bb23d7a,Customer Support Success,Coviam Technologies,Technology,"[""Bangalore"", ""560001""]","22,000",6,21-09-2025,Immediate,The Customer Support Success Intern will ensure our clients are successful by providing exceptional support.,Act as the main point of contact for customer inquiries and issues; Proactively engage with customers to ensure they are getting value from our products; Troubleshoot problems and provide timely resolutions; Gather customer feedback to help improve our products.,Excellent communication and problem-solving skills; A strong customer-first attitude; Ability to learn technical products quickly; A proactive and empathetic approach to customer success.,"['Customer Support', 'Client Relationship Management', 'Problem Solving']",Internship with job offer; Certificate; Letter of recommendation; Flexible work hours; Informal dress code; 5 days a week; Free snacks & beverages,2,remote,21-10-2025
3d43b6fd-ef8b-4b94-aec4-f3dab4aeeac9,Marketing,Sparcolife Digital Healthcare Technologies Private Limited,Healthcare,"[""Bangalore"", ""560001""]","8,000",3,21-09-2025,Immediate,"The Marketing Intern will help promote our digital healthcare solutions, with a potential job offer upon completion.","Assist in creating and implementing marketing strategies; Develop content for our website, blog, and social media channels; Conduct market research to understand customer needs and competitor landscape; Support lead generation and digital advertising efforts.",A strong interest in marketing and the healthcare technology sector; Excellent written and verbal communication skills; Creative and analytical mindset; Eagerness to learn and contribute to a growing company.,"['Marketing Strategy', 'Content Creation', 'Market Research']",Internship with job offer; Letter of recommendation; Flexible work hours,2,onsite,21-10-2025
3da74a67-e560-4165-bf51-c870e333cf48,Operations,Lakshmi Tools & Components,Manufacturing,"[""Hoskote"", ""562114""]","12,000",1,21-09-2025,Immediate,"The Operations Intern will provide essential support and hands-on experience in the manufacturing sector, with a focus on chemical processes and quality control.",Assist in monitoring production line efficiency; Support in quality assurance testing of components; Help manage inventory and logistics; Apply chemistry knowledge to troubleshoot process issues.,"Studying Chemistry, Chemical Engineering, or a related field; Strong analytical and problem-solving skills; Ability to work in a fast-paced industrial environment; Eagerness to learn about manufacturing operations.","['Chemistry', 'Quality Control', 'Process Management']",Internship Certificate; Letter of recommendation; Informal dress code; Free snacks & beverages,1,remote,21-10-2025
3de41275-b801-428a-9c70-184ddea40c78,Content Writing,Millet Amma,Healthcare,"[""Bangalore"", ""560001""]","7,500",2,21-09-2025,Immediate,"The Content Writing Intern will create engaging content about health, food, and millets.",Write creative blog posts and articles about healthy eating and our products; Manage content and data using MS-Excel; Collaborate with the marketing team on content ideas; Ensure all content is informative and engaging.,"Excellent creative writing and blogging skills; Proficiency in MS-Excel; A passion for health, nutrition, and food; A portfolio of your writing is required.","['Blogging', 'Creative Writing', 'MS-Excel', 'Health Content']",Internship Certificate; Letter of recommendation; Flexible work hours; Informal dress code,1,remote,21-10-2025
3e12133a-130b-4078-ac3d-a206223d5d19,Digital Marketing,Wish Karo,Other,"[""Bangalore"", ""560001""]","9,000",6,21-09-2025,Immediate,The Digital Marketing Intern will use a mix of creative and technical skills to promote our brand.,Execute social media marketing and SEO strategies; Create graphics for digital ads and posts using Adobe Photoshop and CorelDRAW; Write engaging content with excellent English proficiency; Analyze campaign performance and suggest improvements.,"Strong skills in digital marketing, social media, and SEO; Proficiency in Adobe Photoshop and CorelDRAW; Excellent written English; A creative and results-driven marketer.","['Social Media Marketing', 'Adobe Photoshop', 'CorelDRAW', 'Search Engine Optimization (SEO)', 'English Proficiency (Written)']",Internship with job offer; Certificate; Letter of recommendation; Informal dress code; Free snacks & beverages,1,remote,21-10-2025
3e82dcf2-6a99-47aa-a95c-5e911de9afc1,Photography,BoldFit,Healthcare,"[""Bangalore"", ""560001""]","8,000",2,21-09-2025,Immediate,The Photography Intern will capture high-quality images for our fitness and wellness brand.,"Plan and execute photo shoots for products, lifestyle, and marketing campaigns; Edit and retouch photos to meet brand standards; Organize and manage our digital image library; Collaborate with the marketing team on creative concepts.","Proven experience in photography, with a strong portfolio; Proficiency in photo editing software (e.g., Photoshop, Lightroom); A passion for fitness and a healthy lifestyle; Creative and detail-oriented.","['Photography', 'Photo Editing', 'Product Photography']",Internship with job offer; Certificate; Letter of recommendation; Flexible work hours; Informal dress code; 5 days a week; Free snacks & beverages,1,onsite,21-10-2025
3f4bde78-b714-48d7-ab9b-0fa23ad21e1d,Marketing,Yes Property,Other,"[""Bangalore"", ""560001""]","5,000",3,21-09-2025,Immediate,The Marketing Intern will support our marketing and sales efforts in the real estate sector.,Assist with creating and executing marketing campaigns for property listings; Help manage our social media presence and online ads; Conduct market research on real estate trends and competitors; Support the sales team with lead generation and marketing materials.,A strong interest in marketing and real estate; Good communication and creative skills; Self-motivated and able to work in a team; Familiarity with digital marketing is an advantage.,"['Marketing Strategy', 'Lead Generation', 'Social Media Marketing']",Internship Certificate; Practical marketing experience,2,onsite,21-10-2025
40206fb5-5dbd-406c-8c3e-d72cf1907739,Search Engine Optimization (SEO),XGrow,Technology,"[""Bangalore"", ""560001""]","10,000",3,21-09-2025,Immediate,The SEO Intern will be responsible for improving our organic search performance through a combination of technical and content strategies.,"Conduct keyword research and implement on-page and off-page SEO tactics; Assist with SEM campaigns and digital marketing efforts; Use MS-Excel to track rankings, traffic, and other key metrics; Collaborate on content strategy to drive organic growth.","Strong knowledge of SEO, SEM, and digital marketing principles; Proficiency in MS-Excel for data analysis; An analytical mindset with strong problem-solving skills; A job offer is available for high-performing interns.","['Search Engine Marketing (SEM)', 'Digital Marketing', 'Search Engine Optimization (SEO)', 'MS-Excel']",Internship with job offer; Certificate; Letter of recommendation; Flexible work hours,1,onsite,21-10-2025
40437fb3-3e6c-48b3-a04b-9ee9a18eb380,Accounts,RR Lifestyles,Design,"[""Bangalore"", ""560001""]","6,000",6,21-09-2025,Immediate,The Accounts Intern will support the finance and accounting functions of our lifestyle brand.,"Assist with bookkeeping, data entry, and maintaining financial records; Help with preparing invoices, expense reports, and financial statements; Support the accounts team with day-to-day tasks; A job offer is available for interns who perform well.",A background in accounting or finance; Strong numerical skills and attention to detail; Familiarity with accounting software is a plus; A reliable and organized individual.,"['Accounting', 'Bookkeeping', 'Finance']",Internship with job offer; Certificate,1,onsite,21-10-2025
409f2303-319f-4b82-a639-79c84eaf61bd,Civil Engineering,HomeInspeKtor,Manufacturing,"[""Bangalore"", ""560001""]","8,000",6,21-09-2025,Immediate,The Civil Engineering Intern will assist with home inspections and structural assessments.,Accompany senior engineers on site visits for home inspections; Assist in preparing detailed inspection reports; Learn about building codes and construction standards; Help identify and document structural issues.,Currently pursuing a degree in Civil Engineering; A strong interest in structural engineering and home construction; Good observation and analytical skills; Excellent written communication for report writing.,"['Civil Engineering', 'Structural Analysis', 'Site Inspection']",Internship with job offer; Certificate; Letter of recommendation; Field experience,2,onsite,21-10-2025
416c046f-d703-452b-89d7-806c8e4077ff,Web Development,Putatoe Technologies Private Limited,Technology,"[""Delhi"", ""110001""]","2,000",6,21-09-2025,Immediate,The Web Development Intern will work on our Python-based web applications.,"Develop and maintain web applications using Python, Flask, and SQLite; Create responsive front-end interfaces with CSS, JavaScript, and Bootstrap; Build and integrate REST APIs; Collaborate with the team on design and implementation.","Proficiency in Python, Flask, SQL (SQLite), CSS, and JavaScript; Experience with Bootstrap and REST APIs is a plus; A portfolio of web development projects; A desire to learn and grow as a developer.","['CSS', 'JavaScript', 'Python', 'SQL', 'Bootstrap', 'SQLite', 'REST API', 'Flask']",Internship with job offer; Certificate,2,hybrid,21-10-2025
432b862d-c579-42bb-a89b-57a8a3e9310d,Technologist,Innomonk Technologies Private Limited,Technology,"[""Bangalore"", ""560001""]","9,000",6,21-09-2025,Immediate,The Technologist Intern will get hands-on experience with hardware and software technologies like Linux and Raspberry Pi.,Work on projects involving Raspberry Pi for prototyping and development; Operate within a Linux environment for various technical tasks; Assist with the setup and configuration of hardware and software; Troubleshoot technical issues and provide support.,Experience with Linux and Raspberry Pi; A strong interest in hardware and technology tinkering; Good problem-solving and analytical skills; A hands-on and curious learner.,"['Linux', 'Raspberry Pi', 'Hardware Prototyping']",Internship Certificate; Letter of recommendation,1,onsite,21-10-2025
439411fc-a182-468f-a866-c78496942860,Business Development (Sales),ZISPL,Technology,"[""Bangalore"", ""560001""]","18,000",6,21-09-2025,Immediate,The Business Development (Sales) Intern will be responsible for driving the growth of our technology business.,Identify and pursue new business opportunities and client accounts; Develop and maintain strong relationships with key clients; Prepare and deliver compelling sales presentations and proposals; Work towards and exceed sales targets to drive revenue growth.,"A strong aptitude for sales with a proven track record (or strong desire); Excellent communication, negotiation, and presentation skills; A strategic and self-motivated individual; An interest in the technology sector.","['Sales', 'B2B Sales', 'Client Acquisition']",Internship Certificate; Competitive stipend; High-impact sales role,2,hybrid,21-10-2025
43ccbbbd-9244-4573-9791-0ce780d27e2e,Business Development (Sales),Ashtamangal Solutions And Services,Technology,"[""Bangalore"", ""560001""]","4,000",2,21-09-2025,Immediate,The Business Development (Sales) Intern will support our sales team with a focus on lead generation and client outreach.,Identify and contact potential clients for our IT services; Assist with scheduling meetings and product demonstrations; Follow up with leads and maintain the sales pipeline; A job offer is available for interns who meet their targets.,A strong interest in a sales career in the IT industry; Excellent communication and interpersonal skills; A proactive and goal-oriented mindset; Ability to work with flexible hours.,"['Sales', 'Lead Generation', 'Client Outreach']",Internship with job offer; Letter of recommendation; Flexible work hours,2,onsite,21-10-2025
44037d68-a6b9-46ea-9153-53e7597755ec,Full Stack Development,Sertify,Technology,"[""Bangalore"", ""560001""]","10,000",3,21-09-2025,Immediate,The Full Stack Development Intern will work on both the front-end and back-end of our web applications.,"Develop user interfaces with Python, HTML, CSS, JavaScript, and Bootstrap; Build and maintain backend components and APIs; Collaborate on the design and architecture of our applications; Write clean, testable, and efficient code.","Strong skills in Python, HTML, CSS, JavaScript, and Bootstrap; A solid understanding of UI development and full-stack principles; A portfolio of web development projects; A passion for building great products.","['HTML', 'CSS', 'JavaScript', 'Bootstrap', 'User Interface (UI) Development', 'Python']",Internship Certificate; Letter of recommendation; Flexible work hours,1,onsite,21-10-2025
44ce2ffc-6dd2-47d5-a188-d81a74444759,Web Development,Decorpot,Design,"[""Bangalore"", ""560001""]","10,000",3,21-09-2025,Immediate,"The Web Development Intern will work on modern web applications using frameworks like React, Angular, and Node.js.",Develop and maintain front-end components using ReactJS or Angular 2.0; Build and support backend services with Node.js; Collaborate with the development team on design and implementation; Participate in testing and debugging.,Experience with Node.js and front-end frameworks like ReactJS or Angular 2.0; Strong understanding of web development fundamentals; A portfolio of projects is highly recommended; Ability to learn quickly and work in a team.,"['Node.js', 'ReactJS', 'Angular 2.0', 'Full Stack Development']",Internship Certificate; Letter of recommendation; Informal dress code,2,hybrid,21-10-2025
4524a3fb-2741-410f-957a-610c2d34d0c7,Web Development,SmallBzr,Technology,"[""Bangalore"", ""560001""]","5,000",2,21-09-2025,Immediate,The Web Development Intern will work on building and improving our e-commerce platform.,"Develop and maintain web features using PHP, HTML, CSS, and JavaScript; Work with SQL databases to manage data; Collaborate with the team to troubleshoot and fix bugs; Participate in the full web development lifecycle.","Strong skills in PHP, HTML, CSS, JavaScript, and SQL; A portfolio of web development projects is a plus; A problem-solver with a passion for web development; Ability to work well in a team.","['PHP', 'HTML', 'CSS', 'JavaScript', 'SQL']",Internship with job offer; Certificate; Letter of recommendation; Flexible work hours,1,remote,21-10-2025
4691bbf9-080b-4689-8a26-65007bd4b82c,DevOps Engineering,Sigmoid,Technology,"[""Bangalore"", ""560001""]","15,000",6,21-09-2025,Immediate,The DevOps Engineering Intern will work on our infrastructure and automation using a variety of programming and scripting languages.,Develop automation scripts using Python and Shell Scripting; Work in a Linux environment to manage and deploy systems; Gain exposure to backend development with Java and C Programming; Collaborate with the engineering team to improve our CI/CD processes.,"Strong programming skills in Java, Python, C, and Shell Scripting; Solid experience with the Linux operating system; A passion for DevOps, automation, and infrastructure; A problem-solver with a strong technical aptitude.","['Java', 'Python', 'Linux', 'C Programming', 'Shell Scripting']",Internship Certificate; Free snacks & beverages; Experience in a leading data solutions company,2,hybrid,21-10-2025
46a6e303-9751-4418-8582-48d5dad0ab08,Social Media Marketing,Yes Property,Other,"[""Bangalore"", ""560001""]","8,000",3,21-09-2025,Immediate,The Social Media Marketing Intern will focus on creating engaging video content for our real estate brand.,"Plan, shoot, and edit videos to showcase our properties and services; Create short, engaging videos for platforms like Instagram Reels and YouTube Shorts; Collaborate with the marketing team on a video content strategy; Manage our video-based social media channels.",Strong skills in video making and video editing; A creative eye for producing compelling visual content; An interest in real estate and social media trends; A portfolio of your video work is required.,"['Video Editing', 'Video Making', 'Social Media Marketing']",Internship Certificate; Letter of recommendation,1,remote,21-10-2025
47a4a09b-d665-4b2c-ac07-afd4d5db008e,Business Development (Sales),SJR Primecorp,Other,"[""Bangalore"", ""560001""]","15,000",6,21-09-2025,Immediate,The Business Development (Sales) Intern will support the sales team in the real estate development sector.,Assist with generating and qualifying sales leads for our properties; Support the sales team in client meetings and follow-ups; Help prepare sales contracts and documentation; Conduct market research on competitor projects.,A strong interest in a sales career in real estate; Excellent communication and interpersonal skills; A professional and customer-focused attitude; Self-motivated and eager to learn.,"['Sales', 'Lead Generation', 'Real Estate']",Internship Certificate; Competitive stipend; Industry experience,2,remote,21-10-2025
47ac1b1a-8caa-44fb-a6d8-f026a3221fbd,Digital Marketing,Securaa,Technology,"[""Bangalore"", ""560001""]","10,000",3,21-09-2025,Immediate,The Digital Marketing Intern will contribute to our online marketing efforts with a focus on content and WordPress.,"Assist in managing and updating our website using WordPress; Write and edit copy for digital marketing campaigns, blogs, and social media; Implement digital marketing strategies to drive traffic and engagement; Communicate effectively in English with our team and audience.",Experience with WordPress and digital marketing; Strong copywriting skills with excellent English proficiency (spoken and written); A creative and detail-oriented approach; Ability to work in a 5-day week structure.,"['WordPress', 'Digital Marketing', 'Copywriting', 'English Proficiency (Spoken)', 'English Proficiency (Written)']",Internship Certificate; Letter of recommendation; Informal dress code; 5 days a week,1,onsite,21-10-2025
47d750b6-f5ba-46f1-be5c-82fa920391fa,Mobile App Development,Fangover Food Services Private Limited,Technology,"[""Bangalore"", ""560001""]","2,000",2,21-09-2025,Immediate,The Mobile App Development Intern will work on our food service application using Python and AWS.,Assist in the development of our mobile application's backend using Python; Implement algorithms for application features; Work with Amazon Web Services (AWS) for cloud infrastructure; Collaborate with the development team on building a scalable app.,Proficiency in Python and understanding of algorithms; Familiarity with Amazon Web Services (AWS) is a plus; A passion for mobile technology and the food-tech industry; A quick learner with good problem-solving skills.,"['Python', 'Algorithms', 'Amazon Web Services (AWS)', 'Backend Development']",Internship Certificate; Flexible work hours; Informal dress code; Free snacks & beverages,1,onsite,21-10-2025
496b3303-65b7-4cd9-8bcb-8640d0f80fa2,Graphic Design,Squadra Media Private Limited,Other,"[""Bangalore"", ""560001""]","10,000",6,21-09-2025,Immediate,The Graphic Design Intern will create a wide range of high-quality visual content for our media company.,"Design and edit graphics, videos, and photos using the full Adobe Creative Suite (Photoshop, Illustrator, Premiere Pro, After Effects, Lightroom); Collaborate on creative projects from concept to delivery; Ensure a high standard of visual quality and brand consistency; Work in a professional and creative environment.","Expertise across the Adobe Creative Suite for photo, video, and graphic design; A strong and versatile portfolio; A creative and detail-oriented designer; A passion for media and visual storytelling.","['Adobe Photoshop', 'Adobe Illustrator', 'Adobe Premiere Pro', 'Adobe Creative Suite', 'Adobe After Effects', 'Adobe Photoshop Lightroom CC']",Internship Certificate; Informal dress code; Free snacks & beverages,1,remote,21-10-2025
4bb8948b-fae4-4088-a7ea-94a3ddee11b2,Power Electronics Design (Inverter),Pendios Technologies Private Limited,Technology,"[""Bangalore"", ""560001""]","6,000",6,21-09-2025,Immediate,The Power Electronics Design Intern will work on the design and development of inverters.,"Assist in the design, simulation, and testing of power electronics circuits; Help with the development of inverters and other power conversion systems; Support the R&D team with prototyping and data analysis; Learn about power electronics in a practical setting.",A strong academic background in Electrical or Electronics Engineering with a focus on power electronics; A passion for R&D and hardware design; Good analytical and problem-solving skills; A hands-on and curious learner.,"['Power Electronics', 'Inverter Design', 'Circuit Design']",Internship Certificate; Letter of recommendation; Flexible work hours; Informal dress code,1,hybrid,21-10-2025
4caaa30d-3183-4a35-a6a0-4317f74709ba,Web Development,Network Friendship Media Technology,Technology,"[""Bangalore"", ""560001""]","9,000",2,21-09-2025,Immediate,The Web Development Intern will work on our platform using an extensive and modern full-stack technology set.,"Develop and maintain our application using Python, Django, Node.js, Express.js, and Java (Hibernate); Create dynamic front-ends with JavaScript, Vue.js, and Flutter; Manage databases with PostgreSQL; Deploy and manage on AWS.","A highly skilled full-stack developer with experience across a wide range of technologies (Python, Node, Java, Vue, etc.); A strong portfolio demonstrating your versatility and expertise; A passion for building complex, scalable applications; A collaborative and quick learner.","['HTML', 'CSS', 'JavaScript', 'Python', 'Django', 'Node.js', 'PostgreSQL', 'Hibernate (Java)', 'Express.js', 'Flutter', 'Vue Js', 'Amazon Web Server (AWS)']",Internship Certificate; Letter of recommendation; Flexible work hours; Informal dress code; 5 days a week,1,hybrid,21-10-2025
4d45b4a0-7cdd-4a9a-926f-cafd3169ccd3,Business Development (Sales),Bright Foods N Beverages,Other,"[""Bangalore"", ""560001""]","6,000",3,21-09-2025,Immediate,The Business Development (Sales) Intern will drive sales for our food and beverage brand using social media.,Execute social media marketing campaigns on Facebook and Instagram to generate leads; Contact potential B2B and B2C customers; Follow up with leads to close sales and meet targets; A job offer is available for top performers.,"Strong skills in social media marketing (Facebook, Instagram); A confident and persuasive sales personality; A passion for the food and beverage industry; A results-driven and enthusiastic attitude.","['Social Media Marketing', 'Facebook Marketing', 'Instagram Marketing', 'Sales']",Internship with job offer; Certificate; Letter of recommendation; Flexible work hours; Informal dress code; 5 days a week; Free snacks & beverages,2,hybrid,21-10-2025
4d5db257-883c-43f8-9cd2-2d6c0e32bb91,Web Development,Last Bootcamp,Education,"[""Delhi"", ""110001""]","5,000",3,21-09-2025,Immediate,The Web Development Intern will work on modern front-end applications using React.,"Develop and maintain user interfaces using ReactJS, JavaScript, CSS, and HTML; Collaborate with backend developers to integrate APIs; Build responsive and interactive web components; Learn and apply best practices in front-end development.","Strong proficiency in CSS, JavaScript, and ReactJS; Experience with Node.js for tooling and backend is a plus; A portfolio of front-end projects; A passion for creating great user experiences.","['CSS', 'JavaScript', 'Node.js', 'ReactJS']",Internship Certificate; Letter of recommendation; Flexible work hours,1,hybrid,21-10-2025
4e81a5ef-a064-41da-b695-c8d1978b16e1,Business Development,Evineon Technologies,Technology,"[""Bangalore"", ""560001""]","10,000",3,21-09-2025,Immediate,The Business Development Intern will be responsible for identifying new business opportunities and building client relationships.,Conduct market research to identify potential clients and industry trends; Reach out to new leads through various channels; Assist in preparing sales presentations and proposals; Support the sales team in achieving their growth targets.,A strong interest in business development and technology; Excellent communication and interpersonal skills; A proactive and self-motivated attitude; Eager to learn and contribute in a fast-paced environment.,"['Business Development', 'Lead Generation', 'Market Research']",Internship Certificate; Free snacks & beverages,2,onsite,21-10-2025
4ecac36d-8f6f-4fb4-8b67-9e33ff5d9976,Operations,Park+,Technology,"[""Bangalore"", ""560001""]","5,000",3,21-09-2025,Immediate,The Operations Intern will support the on-ground and backend operations of our smart parking solutions.,Assist with the day-to-day management of our parking locations; Help coordinate with partners and on-ground staff; Support customer service and resolve operational issues; Use data to help analyze and improve operational efficiency.,A hands-on and problem-solving attitude; Good communication and organizational skills; A proactive and reliable team player; An interest in technology and urban mobility.,"['Operations', 'Problem Solving', 'Coordination']",Internship Certificate; Letter of recommendation,2,onsite,21-10-2025
4f7ea473-07c5-4ba9-bdf0-514b4daf19de,Big Data Development And Testing,Blismos Solutions Private Limited,Technology,"[""Bangalore"", ""560001""]","5,000",3,21-09-2025,Immediate,The Big Data Intern will work with Python on data development and testing projects.,Develop and maintain Python scripts for data processing and analysis; Assist in testing big data applications and pipelines; Help troubleshoot and resolve data-related issues; Learn about big data technologies and best practices.,Strong programming skills in Python; An interest in big data and data engineering; Good analytical and problem-solving abilities; Willingness to learn new technologies in the data space.,"['Python', 'Big Data', 'Software Testing']",Internship Certificate; Letter of recommendation,1,hybrid,21-10-2025
4f86f3af-ffb8-44e6-af71-577e2ef08265,Civil Engineering,Unplan,Manufacturing,"[""Bangalore"", ""560001""]","5,000",3,21-09-2025,Immediate,The Civil Engineering Intern will assist with on-site projects and design tasks.,Assist project managers with on-site supervision and quality checks; Use AutoCAD to help with drafting and design modifications; Prepare project reports and documentation; Coordinate with contractors and workers on-site.,"Currently pursuing a degree in Civil Engineering; Proficiency in AutoCAD; A practical, hands-on approach to learning; Good communication and teamwork skills.","['AutoCAD', 'Civil Engineering', 'Site Management']",Internship with job offer; Certificate; Letter of recommendation; Flexible work hours,1,onsite,21-10-2025
5028f502-1009-4e60-a79f-f4eab9a61ccf,Digital Marketing,Stock Market Institute,Finance,"[""Bangalore"", ""560001""]","2,000",3,21-09-2025,Immediate,The Digital Marketing Intern will help promote our financial education courses.,Assist with creating and executing digital marketing campaigns to attract students; Manage social media channels and create engaging content; Support SEO and email marketing efforts; Analyze campaign performance and help optimize.,A strong interest in digital marketing and the stock market; Good understanding of digital marketing channels; A creative and analytical mindset; Eager to learn about marketing in the financial education sector.,"['Digital Marketing', 'Social Media Marketing', 'SEO']",Internship Certificate; Letter of recommendation; Flexible work hours; Informal dress code,1,hybrid,21-10-2025
51610134-67ce-41d6-824c-ba5abde5f977,Mobile App Development,Ruson Infomedia Private Limited (The Boring News Company),Technology,"[""Bangalore"", ""560001""]","7,500",3,21-09-2025,Immediate,The Mobile App Development Intern will work on our cross-platform news application using React Native.,"Develop and maintain our mobile app using React Native; Collaborate with the team to design and implement new features; Write clean, efficient code for both iOS and Android platforms; Troubleshoot and debug to improve app performance.",Proficiency in React Native and mobile app development; A portfolio of React Native or other mobile projects; A passion for creating high-quality mobile experiences; Strong problem-solving skills.,"['React Native', 'Mobile App Development', 'Cross-platform Development']",Internship Certificate; Letter of recommendation; Flexible work hours; Informal dress code,1,onsite,21-10-2025
5232f6f0-c6b2-49a7-96f9-e97a63e38ddf,Finance,Grexter,Other,"[""Bangalore"", ""560001""]","12,000",2,21-09-2025,Immediate,The Finance Intern will support our finance and accounting department in a fast-growing co-living company.,Assist with day-to-day accounting tasks and bookkeeping; Use MS-Excel to prepare financial reports and analyze data; Support accounts payable and receivable functions; Collaborate with the finance team on month-end closing procedures.,A strong background in Accounting and proficiency in MS-Excel; High attention to detail and accuracy; Good analytical and organizational skills; A job offer is available for successful interns.,"['Accounting', 'MS-Excel', 'Financial Analysis']",Internship with job offer; Certificate; Letter of recommendation; Flexible work hours; Informal dress code; Free snacks & beverages,1,onsite,21-10-2025
538fc27a-9134-401c-925d-a7bb98a04c34,Data Annotation,Tika Data Services Private Limited,Technology,"[""Bangalore"", ""560001""]","5,000",3,21-09-2025,Immediate,"The Data Annotation Intern will be responsible for labeling data to train AI models, with a job offer possibility.","Accurately annotate and label datasets (images, text, etc.) according to specific guidelines; Use MS-Office for basic data organization and tracking; Communicate effectively in English with the team; Work in a structured, 5-day-a-week environment.","High attention to detail and a focus on accuracy; Good spoken English and communication skills; Proficiency in MS-Office; A reliable and diligent worker, with a job offer for top performers.","['MS-Office', 'English Proficiency (Spoken)', 'Data Annotation']",Internship with job offer; Certificate; Letter of recommendation; Flexible work hours; Informal dress code; 5 days a week,4,remote,21-10-2025
5398a9eb-59b0-4ee3-b771-7082e9a2bcc9,Market Expansion,DhiSigma Systems Private Limited,Technology,"[""Bangalore"", ""560001""]","10,000",2,21-09-2025,Immediate,The Market Expansion Intern will research and support our entry into new markets.,Conduct market research to identify and evaluate new business opportunities; Analyze competitor landscapes and market trends; Assist in developing market entry strategies; Support the business development team with outreach to potential partners.,Strong research and analytical skills; A strategic and business-oriented mindset; Excellent communication and presentation skills; An interest in business strategy and market expansion.,"['Market Research', 'Business Strategy', 'Competitive Analysis']",Internship Certificate; Flexible work hours; Informal dress code,1,hybrid,21-10-2025
53bd7fa1-3abe-42cc-9ff4-dc7db36595c6,Operations,Genesis Live,Other,"[""Bangalore"", ""560001""]","3,000",1,21-09-2025,Immediate,This is a one-month Operations Internship to support our live events and projects.,"Assist with the planning and coordination of operational tasks for events; Use the full MS-Office suite (Word, PowerPoint, Excel) for documentation and reporting; Communicate effectively in English with team members and vendors; Provide on-site support during events as needed.","Proficiency in MS-Office (Word, PowerPoint, Excel); Excellent written and spoken English; Strong organizational and multitasking skills; A proactive and hands-on approach.","['MS-Office', 'MS-Word', 'MS-PowerPoint', 'MS-Excel', 'English Proficiency (Spoken)', 'English Proficiency (Written)']",Internship Certificate; Experience in the events industry,1,remote,21-10-2025
53dad537-ae37-422b-b189-d7d02aa8351a,Merchandise Design,RR Lifestyles,Design,"[""Bangalore"", ""560001""]","5,000",6,21-09-2025,Immediate,The Merchandise Design Intern will focus on the design and planning of our product collections.,Assist in designing and planning merchandise assortments; Use MS-Office for product planning and analysis; Communicate effectively in English with internal teams and suppliers; Support the merchandising team in daily tasks.,"A strong interest in merchandise design and planning; Proficiency in MS-Office; Excellent spoken and written English; A detail-oriented and analytical individual, with a job offer for successful interns.","['MS-Office', 'English Proficiency (Spoken)', 'English Proficiency (Written)', 'Merchandising']",Internship with job offer; Certificate; Letter of recommendation,1,hybrid,21-10-2025
53e09aa5-5f91-4473-9a09-985d2818f5aa,Content Writing,Seed Studio LLP,Design,"[""Bangalore"", ""560001""]","12,000",6,21-09-2025,Immediate,"The Content Writing Intern will create technical and creative content, including shell scripting guides.","Write creative and engaging content for our blog, website, and social media; Develop technical documentation and tutorials, including shell scripting examples; Ensure all content is well-researched, accurate, and has excellent English quality; Collaborate with the design and development teams.",Excellent creative and technical writing skills in English; Knowledge of or ability to learn shell scripting; A strong portfolio of diverse writing samples; A detail-oriented and curious mindset.,"['Creative Writing', 'Shell Scripting', 'English Proficiency (Written)', 'Technical Writing']",Internship Certificate; Letter of recommendation; Flexible work hours,1,onsite,21-10-2025
53fc3fe5-a0de-472b-94a1-26b644846867,Photography,Dobe Lifestyle,Design,"[""Bangalore"", ""560001""]","2,000",1,21-09-2025,Immediate,This is a one-month internship for a multi-talented creative specializing in photography and videography.,"Plan, shoot, and edit photos and videos for our lifestyle brand; Use the full Adobe Creative Suite (Photoshop, Illustrator, Premiere Pro, After Effects, Lightroom) to produce high-quality content; Collaborate on creative concepts for marketing campaigns; Manage all aspects of visual content production.",A strong portfolio in both photography and videography; Expertise across the Adobe Creative Suite for photo and video editing; A creative and independent worker; Ability to deliver a project within a one-month timeframe.,"['Adobe Photoshop', 'Adobe Illustrator', 'Video Editing', 'Adobe Premiere Pro', 'Photography', 'Adobe After Effects', 'Adobe Photoshop Lightroom CC']",Internship Certificate; Letter of recommendation; Flexible work hours; Informal dress code; Free snacks & beverages,1,remote,21-10-2025
540bda1e-4e12-42e2-b83a-ac51557074c7,Web Development,Dioxe Technologies Private Limited,Technology,"[""Bangalore"", ""560001""]","10,000",6,21-09-2025,Immediate,"The Web Development Intern will work on cutting-edge projects involving AI, Data Science, and modern web frameworks.","Develop full-stack applications using Python, Django, and ReactJS; Work on data analytics, machine learning, and AI projects; Collaborate with a team of skilled engineers and data scientists; Write clean, efficient code and contribute to innovative solutions.","Strong skills in Python, Django, and ReactJS; Experience or strong interest in Data Analytics, Machine Learning, and Data Science; A portfolio of relevant projects; A passionate and innovative problem-solver.","['Python', 'Data Analytics', 'Django', 'Machine Learning', 'Data Science', 'ReactJS', 'Artifical Intelligence']",Internship Certificate; Flexible work hours; Informal dress code,1,onsite,21-10-2025
54607bb4-92df-40ea-8c9a-5ff65170c66b,Content Writing,UNORGANISED WORLD WELFARE FOUNDATION,Other,"[""Delhi"", ""110001""]",0,3,21-09-2025,Immediate,This is an unpaid Content Writing Internship to support our foundation's mission through powerful written content.,"Write creative and informative content on topics like economics and deep learning; Research and draft articles, reports, and social media posts; Ensure all content is well-written with excellent English proficiency; Collaborate with a team of volunteers and staff.",Strong creative writing skills and excellent written English; An interest in complex topics like economics and deep learning; Ability to conduct thorough research; A desire to contribute to a non-profit organization.,"['Creative Writing', 'Economics', 'English Proficiency (Written)', 'Deep Learning', 'Research']",Internship Certificate; Letter of recommendation; Flexible work hours; 5 days a week; Opportunity to contribute to a good cause,3,hybrid,21-10-2025
54959ef2-f420-4454-b825-b1989524460b,Customer Support,Skillate Laboratories Private Limited,Technology,"[""Bangalore"", ""560001""]","15,000",6,21-09-2025,Immediate,"The Customer Support Intern will be the first point of contact for our users, providing timely and helpful assistance.","Respond to customer inquiries via email, chat, and phone; Troubleshoot and resolve customer issues effectively; Document customer interactions and feedback in our system; Collaborate with other teams to ensure customer satisfaction.",Excellent communication and problem-solving skills; A patient and empathetic attitude; Ability to learn new software quickly; Prior customer service experience is a plus.,"['Customer Service', 'Problem Solving', 'Communication']",Internship with job offer; Certificate; Letter of recommendation; Informal dress code; 5 days a week; Free snacks & beverages,3,onsite,21-10-2025
5504fc82-255b-40c5-8a22-aa45da43abfe,Video Making Editing,Afterimage,Design,"[""Bangalore"", ""560001""]","8,000",6,21-09-2025,Immediate,The Video Making/Editing Intern will work on creating 2D and 3D video content.,Edit and produce high-quality videos using Adobe Premiere Pro and After Effects; Create 3D models and animations with Autodesk Maya and Blender 3D; Use Adobe Photoshop for creating graphics and assets for videos; Collaborate on creative video projects from start to finish.,"Expertise in video editing and 3D animation software (Premiere Pro, After Effects, Maya, Blender); A strong portfolio showcasing your video and animation work; A creative storyteller with strong technical skills; A passion for visual effects and motion graphics.","['Adobe Photoshop', 'Adobe Premiere Pro', 'Autodesk Maya', 'Adobe After Effects', 'Blender 3D', 'Video Editing']",Internship Certificate; Creative and technical skill development,1,remote,21-10-2025
55b0109b-0f59-4b8d-a569-fb6111ce5b76,Social Media Marketing,LAKSHMI JOINT VENTURE,Other,"[""Bangalore"", ""560001""]","10,000",3,21-09-2025,Immediate,The Social Media Marketing Intern will focus on creating and managing effective Facebook marketing campaigns.,"Develop and execute marketing strategies specifically for Facebook; Create engaging content, including posts, ads, and events; Monitor campaign performance and analyze results; Engage with the online community to build brand presence.",Proven experience with Facebook Marketing and Ads Manager; Strong understanding of social media trends and analytics; Excellent communication and copywriting skills; A creative and results-oriented mindset.,"['Facebook Marketing', 'Social Media Strategy', 'Content Creation']",Internship Certificate; Letter of recommendation,1,remote,21-10-2025
563dcbf9-23ce-498f-9ba2-c9f7c84ad771,Marketing,Network Friendship Media Technology,Technology,"[""Bangalore"", ""560001""]","5,000",2,21-09-2025,Immediate,The Marketing Intern will manage our multilingual marketing campaigns across various digital platforms.,"Execute social media (Facebook, Instagram) and digital marketing campaigns; Communicate with our audience in English, Hindi, and Kannada (spoken and written); Create and manage content for different channels; Work in a 5-day-a-week, collaborative environment.","Strong skills in social media and digital marketing; Excellent written and spoken proficiency in English, Hindi, and Kannada; A creative and communicative marketer; Ability to work with flexible hours.","['Social Media Marketing', 'Digital Marketing', 'Facebook Marketing', 'English Proficiency (Spoken)', 'English Proficiency (Written)', 'Hindi Proficiency (Spoken)', 'Kannada Proficiency (Spoken)', 'Kannada Proficiency (Written)', 'Instagram Marketing']",Internship Certificate; Flexible work hours; Informal dress code; 5 days a week,1,remote,21-10-2025
565b1f65-b38a-4d6e-b427-8ef0c687ab31,Catalog Management (E-commerce),RR Lifestyles,Design,"[""Bangalore"", ""560001""]","8,000",6,21-09-2025,Immediate,The E-commerce Catalog Management Intern will manage our online product listings and visuals.,"Manage and update our product catalog on the e-commerce platform; Use design tools (Photoshop, CorelDRAW, Illustrator) to prepare product images; Use MS-Office for data management and reporting; Assist with social media marketing for products.","A versatile skill set including e-commerce management, graphic design, and MS-Office; A highly organized and detail-oriented individual; An interest in fashion and e-commerce; A job offer is available for successful interns.","['Social Media Marketing', 'MS-Office', 'Adobe Photoshop', 'CorelDRAW', 'Adobe Illustrator', 'E-commerce']",Internship with job offer; Certificate,1,remote,21-10-2025
5670b9e5-e66c-42f7-803d-6dca3e781b53,Mobile App Development,Ashva Wearable Technologies,Technology,"[""Bangalore"", ""560001""]","10,000",3,21-09-2025,Immediate,"The Mobile App Development Intern will work on our Android app using Python, Django, and Flutter.",Develop and maintain our mobile application using Flutter and Android (Java/Kotlin); Work on the backend with Python and Django; Collaborate with the team on app design and feature development; Participate in the full development lifecycle.,"Experience with Python, Django, Flutter, and Android development; A strong portfolio of mobile or full-stack projects; A passion for wearable technology and healthcare; Ability to work in a 5-day week structure.","['Python', 'Django', 'Flutter', 'Android']",Internship with job offer; Certificate; Letter of recommendation; Flexible work hours; Informal dress code; 5 days a week; Free snacks & beverages,1,onsite,21-10-2025
56c3b05b-e3a7-4162-999f-2592f39882ab,Subject Expert For Creating Tutorials (Python),Coursechamps Internet Ventures Private Limited,Education,"[""Bangalore"", ""560001""]","18,000",3,21-09-2025,Immediate,The Subject Matter Expert Intern will create high-quality educational tutorials on Python programming.,"Develop, write, and record clear and concise tutorials on Python topics; Create coding exercises and examples for learners; Ensure technical accuracy and pedagogical quality of the content; Collaborate with the content team to structure courses.",Expert-level knowledge of Python programming; Strong ability to explain complex concepts simply; Excellent written and verbal communication skills; Experience in teaching or content creation is a plus.,"['Python', 'Content Creation', 'Teaching']",Internship Certificate; Flexible work hours; Informal dress code; 5 days a week,1,hybrid,21-10-2025
57a1435f-58ad-4a4d-b790-e8f4e3a9de72,Tech Management,IPRIMED Education Solutions Private Limited,Education,"[""Bangalore"", ""560001""]","12,000",3,21-09-2025,Immediate,The Tech Management Intern will gain experience in managing technology projects and teams.,Assist with the management of software development projects using Java and MEAN/MERN stack; Support software testing and quality assurance processes; Help coordinate between development teams and stakeholders; A job offer is available for strong performers.,A technical background in Java or MEAN/MERN stack development; An interest in technology management and leadership; Good communication and organizational skills; Familiarity with software testing principles.,"['Java', 'Software Testing', 'MEAN/MERN Stack', 'Project Management']",Internship with job offer; Certificate; Letter of recommendation,2,remote,21-10-2025
57b3b6e7-1970-437f-941a-c24d89e82b22,Marketing,Grexter,Other,"[""Bangalore"", ""560001""]","12,000",2,21-09-2025,Immediate,The Marketing Intern will support our marketing efforts to promote our co-living spaces.,Assist with digital marketing campaigns to attract new residents; Use MS-Excel to analyze marketing data and track leads; Communicate effectively in English with potential customers and partners; Help create content for online and offline marketing.,Knowledge of digital marketing; Proficiency in MS-Excel; Excellent English communication skills (spoken and written); A creative and analytical approach to marketing.,"['Digital Marketing', 'MS-Excel', 'English Proficiency (Spoken)', 'English Proficiency (Written)']",Internship with job offer; Certificate; Letter of recommendation; Informal dress code; Free snacks & beverages,2,hybrid,21-10-2025
57bfdc1c-16a7-416d-9d11-22347a202332,Human Resources (HR),Diatoz Solutions,Technology,"[""Bangalore"", ""560001""]","15,000",3,21-09-2025,Immediate,"The Human Resources (HR) Intern will support the full employee lifecycle, with a focus on communication.","Assist with recruitment, onboarding, and employee engagement; Draft HR documents and communications with excellent written English; Handle employee queries and provide support; A job offer is available for interns who demonstrate strong potential.",Excellent spoken and written English proficiency; A strong interest in a career in Human Resources; Great interpersonal and organizational skills; A professional and empathetic attitude.,"['English Proficiency (Spoken)', 'English Proficiency (Written)', 'Human Resources', 'Recruitment']",Internship with job offer; Certificate; Competitive stipend,1,remote,21-10-2025
587da5b8-22b2-47b4-8666-90afb4c3aea6,Mechatronics (Electric Motorcycle Research And Development),Voltronex Technologies Private Limited,Manufacturing,"[""Bangalore"", ""560001""]","5,000",6,21-09-2025,Immediate,The Mechatronics Intern will be involved in the exciting R&D of our electric motorcycles.,"Assist in the design, assembly, and testing of mechatronic systems; Work on the integration of mechanical, electronic, and software components; Support R&D experiments and data collection; Troubleshoot and solve technical challenges.","A background in Mechatronics, Mechanical, or Electrical Engineering; A hands-on approach and passion for electric vehicles; Strong problem-solving skills; Eagerness to learn and contribute to innovative R&D.","['Mechatronics', 'R&D', 'Electric Vehicles', 'Prototyping']",Internship Certificate; Informal dress code; Free snacks & beverages,1,remote,21-10-2025
5970913b-b9c1-4da3-a691-b7dd2b05d049,Business Development (Sales),Surebot Technology Solutions,Technology,"[""Bangalore"", ""560001""]","15,000",6,21-09-2025,Immediate,The Business Development (Sales) Intern will be responsible for driving sales and growth for our technology solutions.,Identify and qualify new sales leads and opportunities; Build and maintain relationships with potential and existing clients; Prepare and deliver sales presentations and proposals; Work towards achieving sales targets in a 5-day-a-week schedule.,A strong aptitude and passion for a career in sales; Excellent communication and negotiation skills; A self-motivated and professional attitude; An interest in the technology industry.,"['Sales', 'Lead Generation', 'Client Relationship Management']",Letter of recommendation; Informal dress code; 5 days a week,1,onsite,21-10-2025
5a2624a8-2151-4ccb-a5a1-79a72cec7728,Finance,ShoppRe,Technology,"[""Bangalore"", ""560001""]","10,000",6,21-09-2025,Immediate,The Finance Intern will support our accounting and finance team with daily tasks.,Assist with bookkeeping and data entry using Tally and MS-Office; Help prepare financial reports and statements; Support the team with accounts payable and receivable; Communicate with vendors and clients on financial matters.,"Proficiency in MS-Office and Tally; Strong spoken English and communication skills; A background in accounting, finance, or a related field; High attention to detail and accuracy.","['MS-Office', 'Tally', 'English Proficiency (Spoken)', 'Accounting']",Internship Certificate; Informal dress code; Practical finance experience,1,remote,21-10-2025
5a3e4fac-1f01-4f4b-9eda-780f222cc69e,Web Development,Revaalo Technology Private Limited,Technology,"[""Bangalore"", ""560001""]","10,000",6,21-09-2025,Immediate,The Web Development Intern will work on full-stack applications using the MERN stack and other modern technologies.,Develop front-end features using ReactJS and JavaScript; Build and maintain backend APIs with Node.js and Express.js; Work with NoSQL databases for data storage and retrieval; Collaborate in an agile development environment.,"Strong proficiency in JavaScript, Node.js, and ReactJS; Experience with NoSQL databases and Express.js is a plus; A solid understanding of the MEAN/MERN stack; A portfolio of web development projects.","['JavaScript', 'Node.js', 'NoSQL', 'Express.js', 'ReactJS', 'MEAN/MERN Stack']",Internship with job offer; Certificate; Letter of recommendation; Informal dress code,2,hybrid,21-10-2025
5addf79a-3003-4182-9462-b3981017f57d,Blogging,Le Mark School Of Art,Design,"[""Delhi"", ""110001""]","2,000",6,21-09-2025,Immediate,The Blogging Intern will create written content for our art and design school's blog.,"Write engaging and informative blog posts about art, design, and fashion; Use MS-Office to draft and manage content; Ensure excellent spoken and written English in all communications; Research topics and trends in the creative industries.","A passion for art, design, and writing; Excellent spoken and written English; Proficiency in MS-Office; A creative and reliable content creator, with a job offer for strong performers.","['MS-Office', 'English Proficiency (Spoken)', 'English Proficiency (Written)', 'Blogging']",Internship with job offer; Certificate,1,hybrid,21-10-2025
5b07a1d2-98ea-4c44-a8b1-2c48b8e8f3f4,Graphic Design,Webi7 Digital Media,Technology,"[""Bangalore"", ""560001""]","5,000",3,21-09-2025,Immediate,The Graphic Design Intern will create visual content with a focus on video for our digital media agency.,Design graphics for social media and digital ads; Create and edit short videos using Adobe Premiere Pro; Collaborate with the marketing team on visual concepts; Ensure all content is visually engaging and on-brand.,"Proficiency in graphic design and video editing, especially with Adobe Premiere Pro; A creative portfolio showcasing your skills; A good team player with a passion for digital media; Strong attention to detail.","['Adobe Premiere Pro', 'Graphic Design', 'Video Editing']",Internship Certificate; Letter of recommendation; Informal dress code; Free snacks & beverages,1,onsite,21-10-2025
5b9663f8-49bf-4ead-aabe-fc602a041e5a,Operations,UrbanServ,Other,"[""Delhi"", ""110001""]","12,000",6,21-09-2025,Immediate,The Operations Intern will gain essential experience in managing and optimizing business processes.,Support day-to-day operational tasks and workflows; Assist in analyzing operational data to identify areas for improvement; Help coordinate between different departments to ensure smooth operations; Contribute to projects aimed at increasing efficiency.,Strong analytical and problem-solving skills; Excellent organizational and time-management abilities; Proficiency in MS-Excel is a plus; Proactive and detail-oriented mindset.,"['Operations Management', 'Process Improvement', 'Data Analysis']",Internship Certificate; Exposure to core business operations,1,onsite,21-10-2025
5ba35a3a-6024-4d20-b032-93b1b8d92cf7,Teaching,Cuemath,Education,"[""Bangalore"", ""560001""]","15,000",6,21-09-2025,Immediate,The Teaching Intern will gain experience in math education by supporting our students and curriculum.,Assist in conducting online math classes for students; Help create and review educational content and worksheets; Provide support and feedback to students to help them learn; Learn and apply Cuemath's teaching methodology.,A strong passion for teaching and mathematics; Excellent communication and explanation skills; Patience and empathy when working with students; A background in math or education is preferred.,"['Teaching', 'Mathematics', 'Education Technology']",Internship with job offer; Certificate; Informal dress code; Flexible work hours,5,onsite,21-10-2025
5c659068-c53a-4cf2-af9f-aa0249f02991,Business Development (Sales),Verzeo,Education,"[""Bangalore"", ""560001""]","10,000",3,21-09-2025,Immediate,The Business Development (Sales) Intern will drive enrollments for our online learning platform.,Communicate with students and professionals to promote our courses; Provide counseling and guidance to help learners choose the right program; Follow up on leads and achieve admission targets; Represent our brand with excellent spoken English.,Excellent spoken English and persuasive communication skills; A passion for sales and education technology; A goal-oriented and energetic personality; Ability to thrive in a fast-paced environment.,"['English Proficiency (Spoken)', 'Sales', 'Educational Counseling']",Internship Certificate; Flexible work hours; Informal dress code; Free snacks & beverages,4,remote,21-10-2025
5c8152b4-2831-40c1-a9bc-f90ca850645c,Business Development (Sales),Rubirth IT Solutions Private Limited,Technology,"[""Bangalore"", ""560001""]","8,000",3,21-09-2025,Immediate,"The Business Development (Sales) Intern will support the growth of our IT solutions business, with incentives.","Assist with lead generation, market research, and identifying new client opportunities; Support the sales team in preparing proposals and presentations; Engage in initial outreach to potential clients; Learn about IT solutions and how to sell them effectively.",A keen interest in a sales career within the IT industry; Strong communication and interpersonal skills; A proactive and goal-oriented mindset; This role includes performance-based incentives.,"['Sales', 'Lead Generation', 'IT Solutions']",Internship Certificate; Performance incentives,1,remote,21-10-2025
5ca7092e-b5d3-4a1a-97ac-c0c5d300289e,Web Development,We Create Problems,Technology,"[""Bangalore"", ""560001""]","10,000",2,21-09-2025,Immediate,The Web Development Intern will work on our web applications using the Microsoft stack.,"Develop and maintain web applications using .NET and ASP.NET; Collaborate with the team on software design and development; Write and test code to ensure quality and performance; Work in a creative, 5-day-a-week environment.",Strong programming skills in .NET and ASP.NET; A good understanding of web development principles; A passion for problem-solving and coding; A collaborative and proactive developer.,"['.NET', 'ASP.NET', 'Web Development']",Internship Certificate; Letter of recommendation; Flexible work hours; Informal dress code; 5 days a week; Free snacks & beverages,1,remote,21-10-2025
5d43e07e-675b-40d3-a1b5-0dc216eba0a3,Web Development,Seed Studio LLP,Design,"[""Bangalore"", ""560001""]","5,000",4,21-09-2025,Immediate,"The Web Development Intern will work with a wide range of technologies, including Java, .NET, and various Adobe tools.","Develop web applications using Java and .NET (ASP.NET); Create front-end components with HTML, CSS, and Adobe Creative Suite tools; Manage databases with MS SQL Server; Gain exposure to iOS development and AWS.","A broad skill set including Java, HTML, CSS, .NET, and Adobe Creative Suite; Experience with MS SQL Server and AWS is a plus; A versatile and eager-to-learn developer; A portfolio showcasing diverse projects.","['Java', 'HTML', 'CSS', '.NET', 'ASP.NET', 'Adobe Creative Suite', 'Adobe Dreamweaver', 'MS SQL Server', 'Adobe After Effects', 'iOS', 'Adobe Fireworks', 'Amazon Web Server (AWS)']",Internship Certificate; Letter of recommendation; Flexible work hours,1,onsite,21-10-2025
5da53d55-69ed-448d-bf4d-3c1732566b1a,Full-stack Development,Kualify Services Private Limited,Technology,"[""Gurgaon"", ""122001""]","10,000",3,21-09-2025,Immediate,"The Full-stack Development Intern will work on our web application using the MERN stack (Node.js, Express.js, ReactJS).","Develop and maintain front-end components using ReactJS, CSS, and JavaScript; Build and integrate backend APIs with Node.js and Express.js; Collaborate with the team on the full software development lifecycle; Work in an informal and innovative environment.","Strong proficiency in CSS, JavaScript, Node.js, Express.js, and ReactJS; A solid understanding of full-stack development principles; A portfolio of MERN stack projects is a plus; A passionate and collaborative developer.","['CSS', 'JavaScript', 'Node.js', 'Express.js', 'ReactJS', 'Full Stack Development']",Internship Certificate; Informal dress code; Free snacks & beverages,1,onsite,21-10-2025
5ea2d3c9-07e7-468d-9681-a3a62cebed3c,Human Resources (HR),Design Cafe,Design,"[""Bangalore"", ""560001""]","8,000",2,21-09-2025,Immediate,The Human Resources (HR) Intern will support our HR team in a fast-paced design and technology company.,"Assist with the recruitment process, including sourcing and screening candidates; Help with employee onboarding and engagement activities; Support HR administrative tasks and maintain records; Work in a structured, 5-day-a-week environment.","An interest in a career in HR, especially in a creative industry; Strong communication and organizational skills; A proactive and positive attitude; Ability to work well in a team.","['Human Resources', 'Recruitment', 'Employee Engagement']",Internship Certificate; Flexible work hours; Informal dress code; 5 days a week,1,remote,21-10-2025
5ed4e3ab-ceb7-4cbd-97e2-053ebc9bfcbb,Chinese Interpreter,Transchamp,Other,"[""Bangalore"", ""560001""]","32,000",1,21-09-2025,Immediate,"This is a short-term, one-week assignment for a Chinese Interpreter.","Provide real-time interpretation services (e.g., Mandarin to English) in business meetings or other settings; Ensure clear and accurate communication between parties; Maintain a high level of professionalism and confidentiality; Assist with basic translation of documents if needed.",Fluency in both Chinese (Mandarin/other) and English; Proven experience as an interpreter; Excellent listening and communication skills; Ability to perform well in a high-pressure environment.,"['Interpretation', 'Chinese (Mandarin)', 'English']",Internship Certificate; High-value short-term project,1,hybrid,28-09-2025
5f9776f2-ba8e-426d-8842-1ecc83121108,Telesales,EMEA TECH HOUSE,Technology,"[""Kolkata"", ""700001""]","7,500",3,21-09-2025,Immediate,The Telesales Intern will be responsible for outbound sales calls to promote our technology services.,"Make outbound calls to potential clients in English; Use Salesforce to manage leads and track sales activities; Explain our services and schedule appointments for the sales team; Work in a structured, 5-day-a-week environment.",Excellent spoken English and a confident phone manner; Experience or interest in sales; Familiarity with Salesforce is a strong advantage; A goal-oriented and persistent mindset.,"['Salesforce', 'English Proficiency (Spoken)', 'Telesales']",Internship Certificate; Letter of recommendation; 5 days a week,2,hybrid,21-10-2025
602d8991-58e0-4b47-99f3-bf753bbb5e86,Business Development (Sales),Krew Ventures,Technology,"[""Bangalore"", ""560001""]","5,000",3,21-09-2025,Immediate,"The Business Development (Sales) Intern will support our sales team with presentations and data management, with incentives.",Create and update sales materials and presentations using MS-PowerPoint and MS-Word; Manage and analyze sales data with MS-Excel; Assist with lead generation and client communication; Support the team in achieving sales targets.,"Proficiency in MS-Word, MS-PowerPoint, and MS-Excel; Good communication and organizational skills; An interest in a sales career in the venture capital or tech space; A proactive and detail-oriented approach.","['MS-Word', 'MS-PowerPoint', 'MS-Excel', 'Sales Support']",Internship with job offer; Certificate; Performance incentives; Flexible work hours; Informal dress code; Free snacks & beverages,2,hybrid,21-10-2025
6104f66d-b08f-43ba-b8a7-fb4666c17bbc,Marketing,Lumbermantech Furnitures Private Limited,Design,"[""Bangalore"", ""560001""]","6,000",3,21-09-2025,Immediate,The Marketing Intern will support our marketing efforts with content creation and data management.,Write creative content for marketing materials and our website; Use MS-Excel to track marketing data and campaign results; Prepare presentations and reports with MS-PowerPoint; Assist with the execution of marketing strategies.,Creative writing skills; Proficiency in MS-PowerPoint and MS-Excel; Good communication and analytical skills; An interest in marketing for a design-focused brand.,"['MS-PowerPoint', 'Creative Writing', 'MS-Excel', 'Marketing']",Internship with job offer; Certificate; Letter of recommendation; Informal dress code; 5 days a week,1,remote,21-10-2025
63132186-fa85-40c5-ad64-a243fff0a21a,Business Development (Sales),Skillate Laboratories Private Limited,Technology,"[""Bangalore"", ""560001""]","15,000",6,21-09-2025,Immediate,The Business Development (Sales) Intern will help drive the growth of our HR technology solutions.,Identify and qualify potential leads for our recruitment software; Assist the sales team with product demos and client presentations; Follow up with prospects and maintain relationships; Learn about the HR tech industry and sales strategies.,A strong interest in sales and technology; Excellent communication and interpersonal skills; A self-motivated and goal-driven attitude; Ability to learn complex software products.,"['Sales', 'Lead Generation', 'HR Technology']",Internship with job offer; Certificate; Letter of recommendation; Flexible work hours; Informal dress code; 5 days a week,3,onsite,21-10-2025
63363ce7-f283-4e5c-96ba-eb81e8aa17b1,Operations,JustWash Car Care Llp,Other,"[""Bangalore"", ""560001""]","4,000",2,21-09-2025,Immediate,The Operations Intern will help streamline and manage the day-to-day operations of our car care service.,Assist with scheduling and coordinating service appointments; Help manage inventory of supplies and equipment; Support customer service and handle inquiries; Contribute to improving operational efficiency.,Excellent organizational and problem-solving skills; Strong communication and interpersonal abilities; A proactive and hands-on approach; Ability to work in a dynamic environment.,"['Operations Management', 'Scheduling', 'Customer Service']",Internship with job offer; Certificate; Letter of recommendation,1,onsite,21-10-2025
63647213-1b66-411f-a76f-e3259a9d4abd,Chat Based Customer Support,FunPay.in,Finance,"[""Chennai"", ""600001""]","12,000",6,21-09-2025,Immediate,The Chat-Based Customer Support Intern will provide excellent support to our users via chat.,Respond to customer inquiries and resolve issues through live chat; Provide accurate information about our financial products and services; Maintain a high level of customer satisfaction with a friendly and professional tone; Work with flexible hours to cover different time zones.,,"['Customer Support', 'Chat Support', 'Written Communication']",Internship with job offer; Certificate,2,internship,21-10-2025
6403b6a2-01fe-4fa6-bf10-43b08ed11414,Business Development (Sales),Indian Institute of E-Commerce,Education,"[""Bangalore"", ""560001""]","2,000",2,21-09-2025,Immediate,"The Business Development (Sales) Intern will promote our e-commerce courses, with incentives and a job offer.","Reach out to prospective students and professionals to enroll them in our courses; Explain the curriculum and career benefits; Follow up on leads and achieve admission targets; Work in a structured, 5-day-a-week environment.",A passion for sales and e-commerce; Strong communication and persuasion skills; A goal-oriented and enthusiastic attitude; This role is incentive-driven with a job offer for top performers.,"['Sales', 'E-commerce', 'Educational Counseling']",Internship with job offer; Certificate; Letter of recommendation; Informal dress code; 5 days a week; Performance incentives,4,remote,21-10-2025
642ec9fb-1c4f-4493-9f6f-7d2daaed2a44,Business Development (Sales),ELAMIGO E-COM PRIVATE LIMITED,Technology,"[""Kolkata"", ""700001""]","21,000",3,21-09-2025,Immediate,The Business Development (Sales) Intern will drive growth for our e-commerce company through digital marketing.,"Execute digital marketing campaigns across Facebook, Instagram, and email to generate leads; Follow up with prospects to drive sales and partnerships; Analyze campaign performance to optimize strategy; This role offers a lump sum stipend for the 3-month duration.","['Digital Marketing', 'Facebook Marketing', 'Email Marketing', 'Instagram Marketing', 'Sales']","['Digital Marketing', 'Facebook Marketing', 'Email Marketing', 'Instagram Marketing', 'Sales']",Internship Certificate; Letter of recommendation; Flexible work hours; 5 days a week; Lump sum stipend,1,internship,21-10-2025
64621a8f-93c3-4e8e-81b8-e368c104b3e6,Business Development (Sales),SmallBzr,Technology,"[""Bangalore"", ""560001""]","5,000",3,21-09-2025,Immediate,The Business Development (Sales) Intern will drive growth for our e-commerce platform for small businesses.,Reach out to small business owners to onboard them onto our platform; Communicate our value proposition with excellent English proficiency; Follow up on leads and work towards sales targets; A job offer is available for top performers.,Excellent spoken and written English; A passion for sales and supporting small businesses; A proactive and empathetic communicator; A results-driven and independent worker.,"['English Proficiency (Spoken)', 'English Proficiency (Written)', 'Sales', 'E-commerce']",Internship with job offer; Certificate; Letter of recommendation; Flexible work hours,2,remote,21-10-2025
64981e8b-4a0f-4145-affb-bbc3386baf8d,Marketing,Rolla Online Institute,Education,"[""Bangalore"", ""560001""]","3,000",3,21-09-2025,Immediate,The Marketing Intern will support our marketing efforts through data analysis and campaign execution on various platforms.,Use Google Analytics to track and report on marketing performance; Assist in creating and managing marketing campaigns on Facebook and Instagram; Support the digital marketing team with content creation and scheduling; Conduct market research to identify trends.,Familiarity with Google Analytics and social media marketing; Strong analytical and communication skills; A creative mindset with an interest in the education industry; Eagerness to learn and contribute to marketing strategies.,"['Google Analytics', 'Digital Marketing', 'Facebook Marketing', 'Instagram Marketing']",Internship Certificate; Letter of recommendation; Flexible work hours,2,onsite,21-10-2025
659f91c6-9d45-45c7-aed0-848503bbbb2c,Data Annotation,Xsaras,Technology,"[""Bangalore"", ""560001""]","9,000",3,21-09-2025,Immediate,The Data Annotation Intern will be responsible for labeling and annotating data for machine learning models.,"Accurately label images, text, and other data according to project guidelines; Ensure high-quality and consistent annotations; Work with annotation tools and software; Collaborate with the data science team to support their model training needs.",High attention to detail and a focus on quality; Ability to perform repetitive tasks accurately; Good computer skills; An interest in artificial intelligence and machine learning.,"['Data Annotation', 'Attention to Detail', 'Data Quality']",Internship Certificate; Letter of recommendation; Informal dress code,2,hybrid,21-10-2025
65b98321-ec80-4a9f-98ed-92d6c71af099,Web Development,Vedic Wellness University,Healthcare,"[""Bangalore"", ""560001""]","3,000",2,21-09-2025,Immediate,The Web Development Intern will help manage and update our university's website using WordPress.,Update and maintain content and pages on our WordPress website; Assist with website design changes and improvements; Troubleshoot and resolve basic technical issues; Learn about web management for an educational institution.,"Strong experience with WordPress; A good understanding of web fundamentals (HTML, CSS); A detail-oriented and proactive approach; Good communication skills.","['WordPress', 'Web Management', 'HTML', 'CSS']",Internship Certificate; Letter of recommendation; Flexible work hours; Informal dress code,1,onsite,21-10-2025
667753b2-d709-48ed-89a5-bffab3da6cfc,Customer Service,India Manpower Solutions,Other,"[""Bangalore"", ""560001""]","12,000",3,21-09-2025,Immediate,"The Customer Service Intern will provide support to a diverse, multilingual customer base.","Handle customer inquiries via phone and email in multiple languages (English, Hindi, Kannada, Tamil, Bengali); Provide information and resolve issues effectively; Maintain a high level of professionalism and customer satisfaction; Document customer interactions accurately.","Excellent spoken and written proficiency in English and at least two other regional languages (Hindi, Kannada, Tamil, Bengali); Strong communication and problem-solving skills; A patient and empathetic attitude; Previous customer service experience is a plus.","['Bengali Proficiency (Spoken)', 'English Proficiency (Spoken)', 'English Proficiency (Written)', 'Hindi Proficiency (Spoken)', 'Hindi Proficiency (Written)', 'Tamil Proficiency (Spoken)', 'Tamil Proficiency (Written)', 'Kannada Proficiency (Spoken)', 'Kannada Proficiency (Written)', 'Bengali Proficiency (Written)']",Internship Certificate; Informal dress code; Multilingual work environment,5,hybrid,21-10-2025
667adfb6-e0d3-4270-b861-5ca2b122470a,Digital Marketing,Webi7 Digital Media,Technology,"[""Bangalore"", ""560001""]","5,000",3,21-09-2025,Immediate,The Digital Marketing Intern will support various online marketing strategies to enhance our digital presence.,Assist with search engine optimization (SEO) and content marketing efforts; Help manage social media accounts and campaigns; Analyze website traffic and campaign performance data; Support the creation of digital marketing reports.,"Basic knowledge of digital marketing, including SEO and social media; Strong analytical skills and familiarity with analytics tools; Excellent written communication skills; Eagerness to learn new marketing techniques.","['Digital Marketing', 'SEO', 'Social Media Marketing', 'Content Strategy']",Internship Certificate; Letter of recommendation; Informal dress code; Free snacks & beverages,1,remote,21-10-2025
67b6a0fe-b22b-49e3-8a34-f871eeef3134,Business Development (Sales),Linkart E-Commerce Private Limited,Technology,"[""Delhi"", ""110001""]","4,000",3,21-09-2025,Immediate,The Business Development (Sales) Intern will support the growth of our e-commerce platform by acquiring new sellers and partners.,Identify and reach out to potential sellers and partners; Explain the benefits of our platform and onboard new users; Assist with creating sales and marketing materials; Maintain relationships with existing partners.,Strong communication and interpersonal skills; An interest in e-commerce and sales; A proactive and self-motivated attitude; Ability to work in a team-oriented environment.,"['Sales', 'E-commerce', 'Lead Generation']",Internship Certificate; Letter of recommendation; Flexible work hours; Informal dress code,2,onsite,21-10-2025
6800b3a2-368e-4315-be75-6a7f35a11019,Full Stack Development,Paskon (India) Private Limited,Manufacturing,"[""Bangalore"", ""560001""]","8,000",3,21-09-2025,Immediate,The Full Stack Development Intern will contribute to the development of our web applications.,"Work on both front-end and back-end development tasks; Collaborate with the team to design, build, and test new features; Write clean and maintainable code; Participate in our agile development process.",A solid foundation in web development principles; Experience with a programming language and a web framework; A portfolio of projects is a plus; Eagerness to learn and grow as a full-stack developer.,"['Full Stack Development', 'Web Applications', 'Agile Methodology']",Internship with job offer; Letter of recommendation; 5 days a week,1,onsite,21-10-2025
688ef2bd-f7f1-496a-bc14-94da35091c96,Social Media Marketing,Azanisport,Other,"[""Bangalore"", ""560001""]","10,000",2,21-09-2025,Immediate,The Social Media Marketing Intern will manage and grow the online presence of our sports brand.,"Develop and implement a social media content strategy; Create engaging posts, stories, and campaigns to connect with sports enthusiasts; Monitor social media channels and interact with our community; Analyze performance and report on key metrics.",A passion for sports and social media; Strong content creation and communication skills; A creative and strategic thinker; Experience with social media management tools.,"['Social Media Marketing', 'Content Strategy', 'Community Management']",Internship Certificate; Letter of recommendation,1,hybrid,21-10-2025
697b3de8-f6cd-4b22-8323-28ab7d10f69e,Marketing,Admissions Abroad,Education,"[""Chennai"", ""600001""]","7,000",6,21-09-2025,Immediate,The Marketing Intern will help promote our study abroad consultancy services to students.,"Assist with digital and offline marketing campaigns to attract students; Create content for social media, blogs, and presentations; Help organize and promote educational fairs and events; Counsel students on study abroad options.",A strong interest in marketing and international education; Excellent communication and interpersonal skills; A creative and proactive marketer; A job offer is available for strong performers.,"['Marketing', 'Student Counseling', 'Event Management']",Internship with job offer; Certificate; Letter of recommendation; Flexible work hours; Informal dress code,2,remote,21-10-2025
699247f2-d94f-41e9-9bec-a0a0a2af777a,Graphic Design,RR Lifestyles,Design,"[""Bangalore"", ""560001""]","6,000",6,21-09-2025,Immediate,"The Graphic Design Intern will create a variety of visual content for our lifestyle brand, with a job offer possibility.","Design graphics for digital and print using Adobe Photoshop, CorelDRAW, and Illustrator; Ensure all designs are on-brand and visually compelling; Write basic copy for designs with good written English; Collaborate with the marketing and design teams.","Proficiency in Adobe Photoshop, CorelDRAW, and Adobe Illustrator; Good written English skills; A creative portfolio showcasing your design abilities; A collaborative team player with a passion for fashion.","['Adobe Photoshop', 'CorelDRAW', 'Adobe Illustrator', 'English Proficiency (Written)']",Internship with job offer; Certificate,1,hybrid,21-10-2025
69e12ad9-cee8-4890-986f-4f4c31418866,Python Web Application,TesQuirel Solutions Private Limited,Technology,"[""Bangalore"", ""560001""]","8,000",6,21-09-2025,Immediate,The Python Web Application Intern will work on developing web solutions using Python and the Flask framework.,Build and maintain web applications using Python and Flask; Implement algorithms and data structures for application logic; Assist with backend development and database integration; Participate in code reviews and team meetings.,"Proficiency in Python, algorithms, and data structures; Experience with the Flask framework is a plus; Strong problem-solving and analytical skills; Eagerness to learn new technologies.","['Python', 'Algorithms', 'Data Structures', 'Flask']",Internship Certificate; Letter of recommendation; Informal dress code; Free snacks & beverages,2,remote,21-10-2025
6b24077b-8424-4c46-8561-3d88047168d0,Test Automation Engineering,Interview Cracker,Education,"[""Bangalore"", ""560001""]","20,000",6,21-09-2025,Immediate,The Test Automation Engineering Intern will help us build and maintain our automated testing frameworks.,"Develop and execute automated test scripts for our web and mobile applications; Identify, record, and track bugs thoroughly; Collaborate with developers to ensure product quality; Learn and apply best practices in test automation.","A strong interest in software quality assurance and test automation; Basic programming or scripting knowledge (e.g., Python, Java); An analytical and detail-oriented mindset; Eagerness to learn automation tools like Selenium or Appium.","['Test Automation', 'Quality Assurance', 'Scripting']",Internship Certificate; Flexible work hours; Competitive stipend,1,onsite,21-10-2025
6b73f193-0c7d-4745-bf42-692cd12c6094,Human Resources (HR),Adjetter Media Network Private Limited,Technology,"[""Bangalore"", ""560001""]","7,000",2,21-09-2025,Immediate,The Human Resources (HR) Intern will focus on recruitment for our media network.,"Drive the end-to-end recruitment process for various roles; Source candidates through job portals, social media, and other channels; Screen resumes and conduct initial interviews; Coordinate with hiring managers to schedule further rounds.","Experience or a strong interest in recruitment; Excellent communication and interpersonal skills; A proactive and organized approach; Ability to work in a fast-paced, 5-day-a-week environment.","['Recruitment', 'Sourcing', 'Interviewing']",Internship Certificate; Informal dress code; 5 days a week,1,remote,21-10-2025
6bf1b458-f500-4b8c-a455-f1babfd93ae6,Project Coordination,Ourlybee Pvt Ltd.,Technology,"[""Bangalore"", ""560001""]","3,000",3,21-09-2025,Immediate,The Project Coordination Intern will assist in managing and organizing our projects.,"Support project managers with planning, scheduling, and tracking tasks; Use MS-Office to create project documentation and reports; Help coordinate communication between team members and clients; Ensure projects are running smoothly and on time.",Proficiency in MS-Office; Strong organizational and time-management skills; Good communication and teamwork abilities; A detail-oriented and proactive approach to coordination.,"['MS-Office', 'Project Coordination', 'Task Management']",Internship Certificate; Letter of recommendation; Flexible work hours,1,hybrid,21-10-2025
6c837902-457f-4448-a664-e82dc29c6256,Big Data & Full Stack Software Development,Tercept Incorporation,Technology,"[""Bangalore"", ""560001""]","15,000",3,21-09-2025,Immediate,"The Full Stack & Big Data Intern will work with a diverse tech stack including Java, Python, and JavaScript.","Develop full-stack applications and work on big data pipelines; Write code in Java, JavaScript, Python, and Node.js; Collaborate with a team of experienced engineers on complex problems; A job offer is available for high-performing interns.","Strong programming skills in Java, JavaScript, Python, and Node.js; An interest in both full-stack development and big data; A highly analytical and versatile problem-solver; A passion for learning new technologies.","['Java', 'JavaScript', 'Python', 'Node.js', 'Full Stack', 'Big Data']",Internship with job offer; Certificate; Letter of recommendation; Informal dress code; Free snacks & beverages,1,remote,21-10-2025
6cf86249-c667-4316-8f21-d8fa90ad175d,Research And Development (Grey Water Treatment),Intellicool Solutions Private Limited,Sustainability,"[""Bangalore"", ""560001""]","10,000",6,21-09-2025,Immediate,The R&D Intern will contribute to innovative projects in grey water treatment and sustainable solutions.,Assist with laboratory experiments and data collection for R&D projects; Conduct literature reviews on water treatment technologies; Help analyze and interpret research findings; Support the development of new prototypes and solutions.,"Background in Environmental Science, Chemistry, or a related field; A strong interest in research and sustainable technology; Good analytical and laboratory skills; Ability to work independently on research tasks.","['Research', 'Data Analysis', 'Water Treatment']",Internship Certificate; Letter of recommendation; Flexible work hours; Informal dress code,1,hybrid,21-10-2025
6d0fc4d8-6dbd-4a4b-91ee-266d27f85d29,Marketing,GoAbrigo Hospitalities,Other,"[""Bangalore"", ""560001""]","10,000",4,21-09-2025,Immediate,The Marketing Intern will support our hospitality brand through social media marketing.,"Develop and execute social media marketing campaigns, with a focus on Facebook; Create engaging content to promote our properties and services; Interact with our online community and manage our social media presence; Analyze campaign performance and suggest improvements.",A strong understanding of social media marketing and Facebook marketing; Good content creation and communication skills; A creative and proactive marketer; An interest in the hospitality industry.,"['Social Media Marketing', 'Facebook Marketing', 'Content Creation']",Internship Certificate; Flexible work hours,1,hybrid,21-10-2025
6d5d36fc-3e53-4159-87f6-ec3db4ceb3cc,Social Media Marketing,Comezzo,Technology,"[""Bangalore"", ""560001""]","10,000",3,21-09-2025,Immediate,The Social Media Marketing Intern will assist with our digital marketing efforts.,Develop and implement social media strategies to increase brand awareness and engagement; Create and schedule content for various social media platforms; Monitor and analyze social media performance; Stay up-to-date with the latest digital marketing trends.,A good understanding of digital marketing and social media platforms; Strong writing and content creation skills; A creative and proactive approach; Eager to learn and contribute to our marketing team.,"['Digital Marketing', 'Social Media Marketing', 'Content Strategy']",Internship Certificate,1,hybrid,21-10-2025
6e15416c-6130-4f34-90ce-68e416ab8ca8,Business Development (Sales),CoLLearn Education,Education,"[""Bangalore"", ""560001""]","10,000",3,21-09-2025,Immediate,The Business Development (Sales) Intern will drive student enrollments for our collaborative learning platform.,Reach out to prospective students and institutions to promote CoLLearn; Conduct online demos and counseling sessions; Follow up with leads to achieve admission targets; Build a strong sales pipeline.,A passion for sales and educational technology; Excellent communication and presentation skills; A self-motivated and results-driven attitude; An empathetic and persuasive personality.,"['Sales', 'EdTech', 'Lead Generation']",Internship Certificate; Letter of recommendation,3,remote,21-10-2025
6ecf9fb5-5a16-4e36-9712-cc8d78210a20,Business Development (Sales),CollegeDoors.com,Education,"[""Chandigarh"", ""160001""]","5,000",2,21-09-2025,Immediate,"The Business Development (Sales) Intern will promote our educational services, with incentives and a job offer possibility.",Reach out to students and educational institutions to promote our platform; Follow up on leads and assist with the sales process; Deliver presentations about our services; Work towards achieving sales targets.,A passion for sales and education; Excellent communication and presentation skills; A self-motivated and results-driven attitude; Performance incentives are offered.,"['Sales', 'Lead Generation', 'Educational Sales']",Internship with job offer; Letter of recommendation; Flexible work hours; Performance incentives,3,onsite,21-10-2025
6f33910a-c5c3-4ae4-acaa-2b1fbcd7aba2,Business Development (Sales),Gayathri Design Studio,Design,"[""Bangalore"", ""560001""]","3,000",3,21-09-2025,Immediate,The Business Development (Sales) Intern will focus on expanding our client base and managing sales processes.,"Generate and qualify leads for the design studio; Communicate with potential clients in English, Hindi, and Kannada; Use MS-Excel and Tally for sales tracking and reporting; Assist in creating sales proposals and contracts.","Proficiency in Tally and MS-Excel; Excellent spoken proficiency in English, Hindi, and Kannada; Strong interpersonal and sales skills; A proactive and results-oriented attitude.","['Tally', 'MS-Excel', 'English Proficiency (Spoken)', 'Hindi Proficiency (Spoken)', 'Kannada Proficiency (Spoken)']",Internship Certificate; Free snacks & beverages; Multilingual work environment,1,hybrid,21-10-2025
709d97e5-50fc-4628-a4f1-095d1d380d83,Graphic Design,Zebo.ai,Technology,"[""Bangalore"", ""560001""]","9,000",3,21-09-2025,Immediate,"The Graphic Design Intern will work on a wide range of creative tasks, including UI/UX, video, and creative writing.","Design user interfaces (UI/UX) and marketing graphics using Photoshop, Illustrator, and Adobe XD; Create and edit videos with Premiere Pro and After Effects; Write creative copy for designs and marketing campaigns; A job offer is available for versatile and talented interns.","A broad creative skill set, including graphic design, UI/UX, video editing, and creative writing; Expertise in Adobe Creative Suite (Photoshop, Illustrator, Premiere Pro, After Effects, XD); A strong portfolio is required; A passionate and collaborative creator.","['Adobe Photoshop', 'Adobe Illustrator', 'Adobe Premiere Pro', 'Creative Writing', 'User Interface (UI) Development', 'UI & UX Design', 'Adobe After Effects', 'Adobe XD']",Internship with job offer; Certificate; Letter of recommendation; Flexible work hours; Informal dress code; Free snacks & beverages,1,hybrid,21-10-2025
70b4c629-6493-4e86-982b-f4fb355f0816,Flutter Application Development (Full Stack),Sidangel Fund,Finance,"[""Delhi"", ""110001""]","20,000",6,21-09-2025,Immediate,The Full Stack Flutter Intern will develop cross-platform applications with a focus on both front-end and back-end.,Develop mobile applications using Flutter for both iOS and Android; Build backend services and APIs using Java and JavaScript; Collaborate with the team on application architecture and design; Write and maintain high-quality code.,"Strong experience in Flutter, Java, and JavaScript; A portfolio of full-stack or mobile application projects; A solid understanding of software development principles; Ability to work independently and in a team.","['Java', 'JavaScript', 'Flutter', 'Full Stack Development']",Internship with job offer; Certificate; Letter of recommendation; Competitive stipend,1,hybrid,21-10-2025
71d5fe0c-6451-41ae-afc4-e0c0bbe10b66,Human Resources (HR),GT Informatics,Technology,"[""Bangalore"", ""560001""]","10,000",3,21-09-2025,Immediate,The Human Resources (HR) Intern will support various HR functions in a technology company.,"Assist with the recruitment process, including screening resumes and scheduling interviews; Help with employee onboarding and documentation; Support HR administrative tasks using MS-Office; Contribute to HR projects and initiatives.",Proficiency in MS-Office; Strong communication and interpersonal skills; An interest in a career in Human Resources; Excellent organizational abilities and attention to detail.,"['MS-Office', 'Recruitment Support', 'HR Administration']",Internship with job offer; Certificate; Letter of recommendation,1,hybrid,21-10-2025
722f05ca-58e0-4391-b1ed-e46706c6ce45,Social Media Marketing,Inovexic,Technology,"[""Bangalore"", ""560001""]","8,000",3,21-09-2025,Immediate,The Social Media Marketing Intern will focus on paid advertising and copywriting for our tech company.,"Manage and optimize Search Engine Marketing (SEM) and Facebook Marketing campaigns; Write persuasive and engaging copy for ads and social media posts; Analyze campaign performance and make data-driven decisions; Work in a collaborative, 5-day-a-week environment.","Strong skills in SEM, Facebook Marketing, and copywriting; An analytical mindset with a focus on performance marketing; Excellent writing skills; A proactive and results-driven marketer.","['Search Engine Marketing (SEM)', 'Facebook Marketing', 'Copywriting', 'Paid Advertising']",Internship Certificate; Letter of recommendation; Flexible work hours; Informal dress code; 5 days a week,1,hybrid,21-10-2025
72300f8f-ef44-4938-8c24-1c1c59ec451e,Electrical Engineering,HomeInspeKtor,Manufacturing,"[""Bangalore"", ""560001""]","6,000",6,21-09-2025,Immediate,The Electrical Engineering Intern will assist with electrical inspections and assessments of properties.,Accompany senior engineers on site visits for electrical inspections; Help identify and document electrical issues and safety hazards; Assist in preparing detailed inspection reports with excellent English; A job offer is available for successful interns.,Pursuing a degree in Electrical Engineering; A strong interest in electrical systems and safety; Good observational and analytical skills; Excellent spoken and written English for client and report communication.,"['English Proficiency (Spoken)', 'English Proficiency (Written)', 'Electrical Engineering', 'Site Inspection']",Internship with job offer; Certificate; Letter of recommendation,1,hybrid,21-10-2025
725c7a8b-a91c-4778-b6c2-83aa43808625,Social Media Marketing,SUN Mobility,Sustainability,"[""Bangalore"", ""560001""]","15,000",6,21-09-2025,Immediate,The Social Media Marketing Intern will help promote our sustainable urban mobility solutions.,Develop and manage content for our social media channels; Assist in creating and implementing social media campaigns; Monitor online conversations and engage with our community; Track and analyze social media performance.,A passion for social media and sustainable technology; Strong writing and content creation skills; Creative and proactive; Flexible work hours are available.,"['Social Media Marketing', 'Content Creation', 'Sustainable Technology']",Internship Certificate; Flexible work hours; Work in the EV sector,1,hybrid,21-10-2025
736a7628-aae0-491d-8e0e-ad011d5cad1e,Content Writing,Sorted Works Inc,Technology,"[""Bangalore"", ""560001""]","10,000",6,21-09-2025,Immediate,"The Content Writing Intern will focus on creating compelling copy for our brand and products, with incentives offered.","Write clear, concise, and persuasive copy for our website, ads, and marketing materials; Collaborate with the marketing team to develop brand messaging and tone; Edit and proofread content to ensure it is error-free; Research industry trends to create relevant and engaging content.",Excellent copywriting skills with a strong portfolio; Ability to write in a variety of tones and styles; A keen understanding of marketing and consumer psychology; Detail-oriented with strong proofreading skills.,"['Copywriting', 'Content Strategy', 'Marketing']",Internship with job offer; Certificate; Letter of recommendation; Performance incentives,1,onsite,21-10-2025
73a6d75f-2e40-4670-b9d6-afd7430ae2b3,Operations (Fashion Design),Digital Madhyam,Design,"[""Bangalore"", ""560001""]","5,000",3,21-09-2025,Immediate,The Operations Intern will support the operational side of our fashion design business.,"Assist with the day-to-day operations of the design studio; Use MS-Office and MS-Excel to manage orders, inventory, and production schedules; Support the fashion design and styling teams with administrative tasks; Coordinate with suppliers and vendors.",A background in Fashion Designing or Fashion Styling; Proficiency in MS-Office and MS-Excel; Strong organizational and multitasking skills; An interest in the business and operational side of fashion.,"['MS-Office', 'Fashion Designing', 'MS-Excel', 'Fashion Styling', 'Operations']",Internship Certificate; Experience in a fashion startup,1,onsite,21-10-2025
73c07c3f-efdd-4315-a1b3-a650eee3ec35,QIS,SUN Mobility,Sustainability,"[""Bangalore"", ""560001""]","15,000",6,21-09-2025,Immediate,The QIS (Quality Information Systems) Intern will support our quality management processes in the sustainable mobility sector.,Assist in managing and analyzing data related to product quality; Help maintain and improve our Quality Information Systems; Support the quality assurance team with documentation and reporting; Contribute to projects aimed at improving product and process quality.,A strong analytical mindset with an interest in quality management; Good data handling skills (experience with Excel or other tools is a plus); A detail-oriented and systematic approach; Passion for sustainability and electric vehicles.,"['Quality Management', 'Data Analysis', 'Information Systems']",Internship Certificate; Flexible work hours; Informal dress code; Work in the EV industry,1,remote,21-10-2025
73cd0471-277d-4ca9-919b-1050678aed66,Business Development (Sales),Factech Automation Solutions Private Limited,Technology,"[""Delhi"", ""110001""]","2,000",3,21-09-2025,Immediate,"The Business Development (Sales) Intern will promote our automation solutions, with performance incentives.",Identify and contact potential clients for our automation products and services; Assist with product demos and sales presentations; Follow up with leads and help close deals; This role is incentive-driven to reward sales success.,A strong interest in technology and sales; Good communication and interpersonal skills; A proactive and goal-oriented mindset; Eager to learn about the automation industry.,"['Sales', 'Lead Generation', 'Automation Technology']",Internship Certificate; Letter of recommendation; Performance incentives,2,hybrid,21-10-2025
74a9ef50-dc50-43a9-8f9d-8a0390e4d5a0,Graphic Design,Pinaacle Technologies Private Limited,Technology,"[""Bangalore"", ""560001""]","7,500",6,21-09-2025,Immediate,The Graphic Design Intern will create professional visual content for our technology company.,Design graphics and marketing collateral using Adobe Illustrator and Creative Suite; Collaborate with the marketing and product teams on visual requirements; Ensure all designs adhere to brand guidelines; Prepare assets for both digital and print use.,Strong proficiency in Adobe Illustrator and Adobe Creative Suite; A portfolio showcasing clean and professional design work; A detail-oriented and collaborative designer; An interest in technology and corporate branding.,"['Adobe Illustrator', 'Adobe Creative Suite', 'Graphic Design']",Internship Certificate; Letter of recommendation; Informal dress code,1,hybrid,21-10-2025
74be515e-b941-430a-93d8-e6fa867318f4,Business Development (Sales),Solution Buggy Connect Private Limited,Manufacturing,"[""Bangalore"", ""560001""]","6,000",3,21-09-2025,Immediate,The Business Development (Sales) Intern will connect manufacturing experts with businesses on our platform.,Identify and contact potential clients in the manufacturing sector; Onboard new experts and clients to our platform; Assist the sales team in achieving their targets; Learn about the challenges and solutions in the manufacturing industry.,An interest in sales and the manufacturing industry; Excellent communication and interpersonal skills; A proactive and results-oriented attitude; Eager to learn and contribute to a B2B platform.,"['Sales', 'B2B Sales', 'Manufacturing']",Internship Certificate; Experience in a unique B2B marketplace,2,remote,21-10-2025
75943be5-a771-45f0-8748-7aebfce992c7,Business Development (Sales),Homesifyi.com,Technology,"[""Bangalore"", ""560001""]","4,000",3,21-09-2025,Immediate,The Business Development (Sales) Intern will support our sales team with presentations and data management.,Create and update sales presentations using MS-PowerPoint; Manage and analyze sales data in MS-Excel; Assist with lead generation and client outreach; Support the sales team in achieving their targets.,Proficiency in MS-PowerPoint and MS-Excel; Strong communication and organizational skills; An interest in sales and the real estate tech industry; Proactive and detail-oriented.,"['MS-PowerPoint', 'MS-Excel', 'Sales Support']",Internship with job offer; Certificate; Flexible work hours,2,hybrid,21-10-2025
76fa641d-d603-4359-82c7-15c129ba0dcb,Operations,HTH Technolabs Private Limited,Technology,"[""Bangalore"", ""560001""]","8,000",3,21-09-2025,Immediate,The Operations Intern will help manage and streamline our daily business processes with the possibility of a job offer.,Support the operations team with day-to-day tasks and coordination; Assist in process documentation and improvement; Help manage relationships with vendors and partners; Analyze operational data to identify inefficiencies.,Strong organizational and problem-solving skills; Excellent communication abilities; A proactive and detail-oriented mindset; Eagerness to learn about business operations in a tech company.,"['Operations Management', 'Process Improvement', 'Vendor Management']",Internship with job offer; Certificate; Letter of recommendation; Flexible work hours,1,onsite,21-10-2025
789bb9e6-4c4a-4e10-8498-bf8d0e04d066,Web Development,Inovexic,Technology,"[""Bangalore"", ""560001""]","8,000",3,21-09-2025,Immediate,The Web Development Intern will focus on building and maintaining websites using WordPress and HTML.,"Develop and customize websites using WordPress; Write clean and efficient code in HTML; Assist with website updates, maintenance, and troubleshooting; Collaborate with the design and marketing teams.",Strong proficiency in HTML and WordPress development; A good understanding of front-end development principles; A portfolio of WordPress or HTML projects; A collaborative and problem-solving mindset.,"['HTML', 'WordPress', 'Web Development']",Internship Certificate; Letter of recommendation; Flexible work hours; Informal dress code; 5 days a week,1,onsite,21-10-2025
79004fca-39a9-4a67-bae4-99fac34b5bb9,UI/UX Design,Lloyd Harrington Australia Proprietary Limited,Technology,"[""Bangalore"", ""560001""]","7,000",6,21-09-2025,Immediate,The UI/UX Design Intern will be responsible for designing intuitive and engaging user interfaces.,"Create wireframes, mockups, and prototypes using Figma and Adobe XD; Design user interfaces for web and mobile applications; Use Adobe Photoshop for graphic design and asset creation; Implement basic UI elements using HTML.","Proficiency in UI & UX Design, wireframing, and tools like Figma, Adobe XD, and Photoshop; Basic knowledge of HTML; A strong portfolio showcasing your UI/UX design work; A creative and user-centric approach.","['HTML', 'Adobe Photoshop', 'User Interface (UI) Development', 'Wireframing', 'UI & UX Design', 'Adobe XD', 'Figma']",Internship Certificate; Flexible work hours; International company experience,1,remote,21-10-2025
7a23e368-2dd7-4b58-a985-29f0d6b223ad,Supply Chain Management (SCM),ByAndLarge : BAL CORPORATE SERVICES PRIVATE LIMITED,Other,"[""Bangalore"", ""560001""]","6,000",2,21-09-2025,Immediate,The Supply Chain Management (SCM) Intern will assist in managing our logistics and supply chain operations.,Support the planning and coordination of supply chain activities; Assist with inventory management and tracking shipments; Communicate with suppliers and logistics partners; Help analyze data to optimize supply chain processes.,An interest in supply chain management and logistics; Strong organizational and analytical skills; Good communication abilities; A proactive problem-solver.,"['Supply Chain Management', 'Logistics', 'Inventory Control']",Internship with job offer; Certificate; Letter of recommendation; Flexible work hours,1,onsite,21-10-2025
7a64687e-e18e-4688-a5dc-dc4e71cdedd9,Web Development,Inferigence Quotient LLP,Technology,"[""Bangalore"", ""560001""]","15,000",6,21-09-2025,Immediate,"The Web Development Intern will work on building scalable web applications with a modern, cloud-native stack.","Develop front-end interfaces using HTML, CSS, Bootstrap, and ReactJS; Build backend services with Node.js; Gain experience with containerization and orchestration using Kubernetes; Work with Google Cloud Computing for deployment and services.","Strong skills in HTML, CSS, ReactJS, and Node.js; Familiarity with Bootstrap, Kubernetes, and Google Cloud is a plus; A passion for building modern, scalable web applications; A collaborative and problem-solving mindset.","['HTML', 'CSS', 'Bootstrap', 'Node.js', 'ReactJS', 'Kubernetes', 'Google Cloud Computing']",Internship Certificate; Letter of recommendation; Informal dress code; Free snacks & beverages,2,remote,21-10-2025
7a7b8f49-cd08-404d-8d52-2c113dda45ca,Web Development,Ruson Infomedia Private Limited (The Boring News Company),Technology,"[""Bangalore"", ""560001""]","7,500",3,21-09-2025,Immediate,The Web Development Intern will assist in building and maintaining our news platform's website.,Help with front-end and back-end development tasks; Write and debug code under the guidance of senior developers; Assist with website maintenance and updates; Learn about web development for a media company.,"A good foundation in web development (HTML, CSS, JavaScript); Eagerness to learn new technologies and frameworks; A problem-solver with a passion for coding; A portfolio of personal projects is a plus.","['Web Development', 'HTML', 'CSS', 'JavaScript']",Internship Certificate; Letter of recommendation; Flexible work hours; Informal dress code,1,remote,21-10-2025
7a9647b3-0c38-4260-995b-dfa591b7dacd,Business Development (Sales),Brainstorm Consulting,Other,"[""Bangalore"", ""560001""]","10,000",6,21-09-2025,Immediate,The Business Development (Sales) Intern will focus on driving growth for our consulting services.,Identify and research potential new clients and business opportunities; Make outbound calls and send emails to prospects; Support senior consultants in preparing for sales meetings and presentations; Assist in developing and maintaining a sales pipeline.,A strong desire to build a career in sales; Excellent communication and interpersonal skills; A confident and professional demeanor; Goal-oriented and highly motivated.,"['Sales', 'Lead Generation', 'Client Outreach']",Internship Certificate; Hands-on experience in a consulting firm,3,hybrid,21-10-2025
7ad549b2-d30f-4ef2-9ee4-40daef7e6526,Business Development,Cuberootz,Design,"[""Bangalore"", ""560001""]","10,000",3,21-09-2025,Immediate,The Business Development Intern will help grow our client base in the interior design and architecture space.,"Identify and contact potential clients, including architects, builders, and homeowners; Present our products and services effectively; Build and maintain a pipeline of leads; Assist with preparing proposals and quotes.",A strong interest in business development and interior design; Excellent communication and networking skills; A proactive and self-motivated individual; A professional and customer-centric attitude.,"['Business Development', 'Sales', 'Client Relationship']",Internship Certificate; Letter of recommendation; Informal dress code,1,onsite,21-10-2025
7b2155b5-f715-4dea-852c-791a174fd4c1,Content Writing,Lloyd Harrington Australia Proprietary Limited,Technology,"[""Secunderabad"", ""500003""]","7,000",6,21-09-2025,Immediate,The Content Writing Intern will create SEO-optimized content for our digital marketing channels.,"Write creative and engaging content for blogs, articles, and social media; Implement SEO, SEM, and social media marketing best practices; Ensure excellent written English and high-quality content; Collaborate with the marketing team on content strategy.","Strong creative writing skills and excellent written English; Knowledge of social media marketing, SEM, and SEO; A portfolio of your writing is required; A detail-oriented and deadline-driven writer.","['Social Media Marketing', 'Search Engine Marketing (SEM)', 'Search Engine Optimization (SEO)', 'Creative Writing', 'English Proficiency (Written)']",Internship with job offer; Certificate; Letter of recommendation; Flexible work hours,1,onsite,21-10-2025
7d678b58-8f47-46c1-a751-1178044375b9,Marketing,I Cap Financial Services,Finance,"[""Bangalore"", ""560001""]","5,000",2,21-09-2025,Immediate,The Marketing Intern will support marketing initiatives for our financial services company.,"Assist in developing and executing marketing campaigns; Create content for social media, blogs, and email newsletters; Conduct market research to identify target audiences and trends; Help organize and promote marketing events.",A strong interest in marketing and finance; Good communication and writing skills; Creative and analytical thinking; Ability to work in a 5-day-a-week schedule.,"['Marketing Strategy', 'Content Creation', 'Market Research']",Internship Certificate; Flexible work hours; 5 days a week; Free snacks & beverages,2,onsite,21-10-2025
7ec9075a-9851-41d4-8278-3357131a17da,Content Writing,Noon Academy,Education,"[""Bangalore"", ""560001""]","7,500",2,21-09-2025,Immediate,The Content Writing Intern will create high-quality academic content for STEM subjects.,"Develop educational content, questions, and solutions for Physics, Chemistry, Mathematics, and Biology; Ensure the content is accurate, clear, and engaging for students; Collaborate with subject matter experts to maintain quality; Work in a dynamic EdTech environment.","A strong academic background in Physics, Chemistry, Mathematics, or Biology; Excellent writing and explanation skills; A passion for education and helping students learn; A detail-oriented and meticulous content creator.","['Physics', 'Chemistry', 'Mathematics', 'Biology', 'Academic Content Creation']",Internship Certificate; Informal dress code,3,onsite,21-10-2025
7fcb5ca3-e38c-4416-8c40-8bb1a0d110a4,Graphic Design,CIOC FMCG Private Limited,Manufacturing,"[""Bangalore"", ""560001""]","15,000",3,21-09-2025,Immediate,The Graphic Design Intern will create a wide range of visual and written content for our FMCG brand.,Design marketing materials using Adobe Photoshop and Figma; Write compelling copy for email marketing and social media; Create and edit videos for promotional use; Prepare presentations and documents with MS-Word and MS-PowerPoint.,"A versatile creative with skills in graphic design (Photoshop, Figma), copywriting, and video making; Excellent spoken and written English; Proficiency in MS-Word and MS-PowerPoint; A job offer is available for strong performers.","['Adobe Photoshop', 'MS-Word', 'MS-PowerPoint', 'Email Marketing', 'Video Making', 'Copywriting', 'English Proficiency (Spoken)', 'English Proficiency (Written)', 'Figma']",Internship with job offer; Certificate; Informal dress code; Free snacks & beverages,1,onsite,21-10-2025
81412db7-a095-4f39-8d21-69a0f85fb252,UI Development,WizKlub,Education,"[""Bangalore"", ""560001""]","10,000",3,21-09-2025,Immediate,The UI Development Intern will work on the front-end of our educational web applications.,Develop and implement user interface components using frameworks like Bootstrap; Work with the Flask backend to integrate UI elements; Ensure the technical feasibility of UI/UX designs; Create responsive and user-friendly web pages.,"Experience in front-end development, particularly with Bootstrap; Familiarity with the Flask framework is a plus; A good understanding of UI/UX principles; A detail-oriented and collaborative developer.","['Bootstrap', 'Flask', 'UI Development', 'Front-End']",Internship Certificate; Informal dress code,1,onsite,21-10-2025
820dbb59-e021-4469-9542-47a88704c2d5,Human Resources (HR),ICS Consultancy Services,Other,"[""Bangalore"", ""560001""]","5,000",2,21-09-2025,Immediate,"The Human Resources (HR) Intern will support a range of HR activities, including recruitment and social media.",Assist with sourcing candidates and posting job openings; Use social media for recruitment marketing; Help with initial resume screening and scheduling interviews; Perform administrative tasks using MS-Office.,Proficiency in MS-Office and social media marketing; Excellent spoken English and communication skills; An interest in HR and recruitment; Strong organizational skills.,"['Social Media Marketing', 'MS-Office', 'English Proficiency (Spoken)', 'Recruitment']",Internship Certificate; Practical HR and recruitment experience,1,remote,21-10-2025
827701ac-8b22-47ec-9d2b-5beaa12ea2f1,Web Development,Buzet,Technology,"[""Bangalore"", ""560001""]","10,000",3,21-09-2025,Immediate,The Web Development Intern will work on building and maintaining our website using PHP and WordPress.,"Develop and customize our WordPress website using PHP, HTML, and CSS; Assist with website maintenance, updates, and troubleshooting; Ensure the website is responsive and user-friendly; Collaborate with the design and content teams.","Strong proficiency in PHP, HTML, CSS, and WordPress; A portfolio of WordPress projects is highly recommended; A problem-solver with a good eye for design; A collaborative and proactive developer.","['PHP', 'HTML', 'CSS', 'WordPress', 'Web Development']",Internship Certificate; Letter of recommendation; Flexible work hours; Informal dress code,1,onsite,21-10-2025
827771ed-ca17-4a6a-8932-a938041fb6b4,Social Media Marketing,Look Who's Talking,Other,"[""Gurgaon"", ""122001""]","4,000",3,21-09-2025,Immediate,The Social Media Marketing Intern will manage our social media channels and assist with content creation.,Develop and execute a social media marketing strategy; Create content for various platforms; Use MS-Word and MS-Excel for content planning and reporting; Engage with our online community to build our brand.,A strong understanding of social media marketing; Proficiency in MS-Word and MS-Excel; Good writing and communication skills; A creative and organized individual.,"['Social Media Marketing', 'MS-Word', 'MS-Excel', 'Content Creation']",Internship Certificate; Letter of recommendation; Informal dress code; 5 days a week; Free snacks & beverages,1,onsite,21-10-2025
82c75b6b-2482-49d8-8d73-7efb0c22864b,Operations,HOTLEADS - A WEBUZZ Digital Private Limited Brand,Technology,"[""Bangalore"", ""560001""]","7,000",4,21-09-2025,Immediate,The Operations Intern will support the operational efficiency of our digital marketing agency.,"Use MS-Excel to track project progress, resources, and performance metrics; Assist with coordinating between different teams to ensure timely project delivery; Help with client reporting and data management; Support the operations manager with daily administrative tasks.",Strong proficiency in MS-Excel; Excellent organizational and communication skills; A detail-oriented and proactive approach; An interest in the operations of a digital agency.,"['MS-Excel', 'Operations Management', 'Project Coordination']",Internship Certificate; Letter of recommendation; Informal dress code; 5 days a week; Free snacks & beverages,1,onsite,21-10-2025
84498f7c-62a8-4b3e-8079-c94c1cae7d2e,Human Resources (HR),Duru Cooperation Private Limited,Other,"[""Bangalore"", ""560001""]","18,000",6,21-09-2025,Immediate,The Human Resources (HR) Intern will support various HR functions with a focus on data management.,Assist with HR administrative tasks using MS-Office; Manage and analyze HR data using MS-Excel; Support the recruitment and onboarding processes; Help with maintaining employee records and documentation.,Strong proficiency in MS-Office and MS-Excel; An interest in a career in Human Resources; Excellent organizational skills and attention to detail; Good communication and interpersonal skills.,"['MS-Office', 'MS-Excel', 'HR Administration', 'Data Management']",Internship Certificate; Competitive stipend,1,remote,21-10-2025
846e6ee6-3907-4740-bc7a-8e8e9875b4d9,Business Development (Sales),YantroMitra Learning Technologies,Education,"[""Kolhapur"", ""416001""]","2,000",3,21-09-2025,Immediate,The Business Development (Sales) Intern will promote our educational technology products.,Reach out to potential customers to introduce our learning technologies; Follow up on sales leads and assist with the enrollment process; Help create and deliver sales presentations; Work towards achieving sales targets for our EdTech solutions.,A passion for sales and educational technology; Good communication and interpersonal skills; A proactive and goal-oriented attitude; Eager to learn about the EdTech market.,"['Sales', 'EdTech', 'Lead Generation']",Internship with job offer; Certificate; Letter of recommendation,2,remote,21-10-2025
84bd4120-bafe-4929-a737-7a05224bacc3,Research,Aman Jain,Other,"[""Bangalore"", ""560001""]","1,600",2,21-09-2025,Immediate,This is a six-week Research Internship with a weekly stipend.,"Conduct research on assigned topics using various online sources; Compile and summarize research findings into reports and presentations; Use MS-Word, MS-PowerPoint, and MS-Excel to present data; This is a short-term, 6-week research project.","['MS-Word', 'MS-PowerPoint', 'MS-Excel', 'Research', 'Data Analysis']","['MS-Word', 'MS-PowerPoint', 'MS-Excel', 'Research', 'Data Analysis']",Letter of recommendation; Flexible work hours; Weekly stipend,1,internship,02-11-2025
84fa8050-3974-470a-a5b6-fe59153e6dd9,Business Development (Sales),INLINE-4 AUTOMOTIVE,Other,"[""Bangalore"", ""560001""]","3,000",2,21-09-2025,Immediate,The Business Development (Sales) Intern will connect with automotive enthusiasts and clients in a multilingual environment.,"Communicate with potential customers in English, Hindi, and Kannada; Promote our automotive products and services; Assist with sales inquiries and follow-ups; Help organize and attend promotional events.","Excellent spoken proficiency in English, Hindi, and Kannada; A passion for automobiles and the automotive industry; Strong interpersonal and sales skills; An outgoing and confident personality.","['English Proficiency (Spoken)', 'English Proficiency (Written)', 'Hindi Proficiency (Spoken)', 'Kannada Proficiency (Spoken)']",Internship Certificate; Letter of recommendation; Flexible work hours; Informal dress code,1,hybrid,21-10-2025
863ee31d-c92a-4b21-a370-22f8a4ca5da8,Fashion Design,VIDYASHREE HOUSE PRIVATE LIMITED,Design,"[""Bangalore"", ""560001""]","15,000",6,21-09-2025,Immediate,"The Fashion Design Intern will contribute to the design and styling process, creating new apparel and accessories.",Assist senior designers with concept research and mood boards; Create sketches and technical drawings for new designs; Participate in fashion styling for photoshoots; Use Adobe Photoshop for design mockups and presentations.,A strong background in Fashion Designing and Fashion Styling; Proficiency in Adobe Photoshop; A creative portfolio is required; A passion for fashion and a keen eye for trends.,"['Adobe Photoshop', 'Fashion Designing', 'Fashion Styling']",Internship Certificate; Letter of recommendation; Flexible work hours; Informal dress code,1,remote,21-10-2025
8694279d-e1c8-457b-bfb4-350664e5a251,Content Writing,Squadra Media Private Limited,Other,"[""Bangalore"", ""560001""]","7,000",6,21-09-2025,Immediate,The Content Writing Intern will create a wide range of content for our media company.,Write creative and engaging content for our blog and social media channels; Develop formal reports and marketing copy; Ensure all content has excellent written English; Collaborate with the marketing team on content strategy.,"A versatile writer with skills in blogging, creative writing, copywriting, and report writing; Excellent written English proficiency; A passion for media and storytelling; A portfolio of diverse writing samples is required.","['Social Media Marketing', 'Blogging', 'Creative Writing', 'Copywriting', 'Report Writing', 'English Proficiency (Written)']",Internship Certificate; Informal dress code; Free snacks & beverages,1,remote,21-10-2025
87c523b1-198b-47dd-a6fd-cb97bfa06c22,Growth Hacking,IUGALE Services Private Limited,Technology,"[""Bangalore"", ""560001""]","10,000",6,21-09-2025,Immediate,The Growth Hacking Intern will use a data-driven approach to drive user acquisition and growth.,Develop and execute growth experiments across various digital marketing channels; Analyze data to identify growth opportunities and measure results; Use a mix of creativity and analytics to find new ways to grow our user base; Communicate findings and strategies effectively in English.,A strong analytical mindset with experience in data analytics; Knowledge of digital marketing channels and growth hacking techniques; Excellent written and spoken English; A results-driven and experimental approach.,"['Digital Marketing', 'Data Analytics', 'English Proficiency (Spoken)', 'English Proficiency (Written)', 'Growth Hacking']",Internship Certificate; Letter of recommendation; Informal dress code; 5 days a week,1,hybrid,21-10-2025
87c5c13f-96c4-48c7-abe0-b643031927c8,Business Development (Sales),Knight Frank (India) Private Limited,Other,"[""Bangalore"", ""560001""]","10,000",3,21-09-2025,Immediate,The Business Development (Sales) Intern will support our commercial real estate sales team.,Assist with market research to identify potential clients and properties; Support the sales team in preparing presentations and proposals; Help manage the client database and track leads; Learn about the commercial real estate industry.,"A strong interest in a career in real estate sales; Excellent communication and research skills; A professional and motivated attitude; Pursuing a degree in business, real estate, or a related field.","['Sales', 'Real Estate', 'Market Research']",Internship Certificate; Experience with a leading real estate consultancy,2,onsite,21-10-2025
87d36658-570b-45b4-bf2b-1a3ba419590c,Business Development (Sales),Axcess.io,Technology,"[""Coimbatore"", ""641001""]","17,500",6,21-09-2025,Immediate,The Business Development (Sales) Intern will focus on selling our cloud and networking solutions.,"Identify and contact potential clients for our cloud computing and computer networking services; Explain technical concepts and benefits to potential customers; Build and manage a sales pipeline; Work in a structured, 5-day-a-week environment with a job offer for top performers.",A strong technical background in cloud computing and computer networking; A keen interest in a technical sales career; Excellent communication and presentation skills; A proactive and ambitious individual.,"['Cloud Computing', 'Computer Networking', 'Technical Sales']",Internship with job offer; Certificate; Letter of recommendation; Informal dress code; 5 days a week; Competitive stipend,1,onsite,21-10-2025
87fb8f46-be44-404c-a396-18f891e83830,Digital Marketing,WaterScience,Manufacturing,"[""Bangalore"", ""560001""]","10,000",3,21-09-2025,Immediate,The Digital Marketing Intern will manage our online brand presence with a mix of creative and communication skills.,Execute social media and digital marketing strategies; Create visual content using Adobe Photoshop and Illustrator; Communicate effectively in English with our online community; Analyze campaign performance and contribute to strategy.,Strong skills in digital and social media marketing; Proficiency in Adobe Photoshop and Illustrator; Excellent spoken and written English; A creative and analytical marketer.,"['Social Media Marketing', 'Adobe Photoshop', 'Adobe Illustrator', 'Digital Marketing', 'English Proficiency (Spoken)', 'English Proficiency (Written)']",Internship Certificate; Letter of recommendation; Informal dress code; Free snacks & beverages,1,remote,21-10-2025
87fd9516-dd7d-436b-ad51-3a8afaaa0bea,Business Development (Sales),Shiva Ganga Spices,Manufacturing,"[""Delhi"", ""110001""]","7,000",2,21-09-2025,Immediate,"This 6-week Business Development (Sales) Internship will focus on driving sales using a variety of tools, with a job offer for top performers.","Use MS-Office (Word, PowerPoint, Excel) and Salesforce for sales operations; Identify and contact potential clients and distributors; Assist with creating sales proposals and presentations; A job offer is available for interns who excel in this 6-week role.","['MS-Office', 'MS-Word', 'MS-PowerPoint', 'Salesforce', 'MS-Excel']","['MS-Office', 'MS-Word', 'MS-PowerPoint', 'Salesforce', 'MS-Excel']",Internship with job offer; Certificate; Letter of recommendation; Flexible work hours,2,internship,02-11-2025
8870edd8-5716-44b7-b4a2-9a217bd3a32b,Business Development (Sales),ExoTalent,Technology,"[""Bangalore"", ""560001""]","2,000",3,21-09-2025,Immediate,"The Business Development (Sales) Intern will drive sales for our talent solutions, with incentives and a job offer.","Identify and contact potential clients for our recruitment and talent services; Follow up with leads and schedule meetings for senior sales staff; Work towards sales targets in a structured, 5-day-a-week environment; This role is incentive-driven with a job offer for top performers.",A strong desire to build a career in sales; Good communication and interpersonal skills; A proactive and goal-oriented attitude; Eager to learn about the recruitment industry.,"['Sales', 'Lead Generation', 'Recruitment']",Internship with job offer; Certificate; Informal dress code; 5 days a week; Performance incentives,1,onsite,21-10-2025
88ade702-cfa7-4bcd-8a3a-d10c2087545c,Digital Marketing,Mintbook,Education,"[""Bangalore"", ""560001""]","8,000",3,21-09-2025,Immediate,"The Digital Marketing Intern will help promote our educational platform, with performance incentives.",Assist in executing digital marketing campaigns to drive user acquisition; Support social media management and content creation; Help analyze campaign performance and report on metrics; Work towards marketing goals in an incentive-driven environment.,A good understanding of digital marketing principles; Strong communication and analytical skills; A self-motivated and results-oriented attitude; Performance incentives are a key part of this role.,"['Digital Marketing', 'Campaign Management', 'Social Media']",Internship Certificate; Letter of recommendation; Performance incentives,1,remote,21-10-2025
8924188b-41f7-40f9-a722-b742949c7c51,Telecalling,DoorTask,Other,"[""Bangalore"", ""560001""]","15,000",3,21-09-2025,Immediate,The Telecalling Intern will be responsible for outbound calls to customers for our service-based company.,Make outbound calls to potential and existing customers; Explain our services and handle customer inquiries in English and Hindi; Schedule service appointments and follow up with customers; Maintain a record of calls and customer interactions.,Excellent spoken proficiency in English and Hindi; Strong communication and interpersonal skills; A clear and confident speaking voice; A customer-oriented and patient attitude.,"['English Proficiency (Spoken)', 'English Proficiency (Written)', 'Hindi Proficiency (Spoken)', 'Telecalling']",Internship Certificate; Letter of recommendation; Informal dress code,3,onsite,21-10-2025
892eec60-53bb-48b4-b8fc-a526e18dc845,Graphic Design,HalfCute Internet Private Limited,Technology,"[""Bangalore"", ""560001""]","15,000",6,21-09-2025,Immediate,The Graphic Design Intern will work with a wide range of advanced design and editing software.,"Create high-quality graphics and videos using Adobe Creative Cloud (Photoshop, Premiere Pro, Indesign) and other tools like Final Cut Pro and Autodesk Maya; Collaborate on creative projects from concept to completion; Develop visually stunning assets for our online platform; Maintain brand consistency.","Expertise in a wide range of design software including Adobe suite, Final Cut Pro, and Autodesk Maya; A very strong and diverse creative portfolio; An innovative and detail-oriented designer; Ability to work in a professional and collaborative environment.","['Adobe Photoshop', 'Adobe Premiere Pro', 'Final Cut Pro', 'Adobe Indesign', 'Autodesk Maya']",Internship Certificate; Letter of recommendation; Informal dress code; Free snacks & beverages,1,remote,21-10-2025
8a2dddf1-7b53-4389-8e38-85183a56be7f,Social Media Marketing,Mind Fleck Private Limited,Technology,"[""Bangalore"", ""560001""]","10,000",3,21-09-2025,Immediate,"The Social Media Marketing Intern will manage our online presence and campaigns, with a potential job offer.","Develop and execute social media marketing strategies; Create and schedule engaging content for various platforms; Monitor and analyze social media performance to optimize results; Work in a structured, 5-day-a-week environment.",A strong understanding of social media marketing; Good content creation and analytical skills; A creative and results-driven individual; A job offer is available for top performers.,"['Social Media Marketing', 'Content Strategy', 'Analytics']",Internship with job offer; Certificate; Letter of recommendation; 5 days a week,1,remote,21-10-2025
8c83a9cc-5f31-4bbf-beab-2534f8cba3b6,Web Development,Rai Techintro Private Limited,Technology,"[""Bangalore"", ""560001""]","5,000",4,21-09-2025,Immediate,The Web Development Intern will work on our front-end using ReactJS and connect to our database backend.,Develop and maintain user interfaces with ReactJS; Write and optimize database queries using MySQL and PostgreSQL; Collaborate with the team to design and implement new features; A job offer is available for strong performers.,"Proficiency in ReactJS, MySQL, and PostgreSQL; A good understanding of front-end and back-end integration; A portfolio of web development projects; A passionate and collaborative developer.","['MySQL', 'PostgreSQL', 'ReactJS', 'Web Development']",Internship with job offer; Certificate; Flexible work hours; Free snacks & beverages,1,remote,21-10-2025
8d6adbd8-ac76-4111-b09e-8218ef51b3d9,Human Resources (HR),Transformplus,Other,"[""Bangalore"", ""560001""]","9,000",3,21-09-2025,Immediate,The Human Resources (HR) Intern will gain hands-on experience in various aspects of HR.,"Assist with the recruitment process, from sourcing to onboarding; Help with HR administrative tasks and maintaining employee records; Support HR initiatives related to employee engagement and training; Learn about HR policies and best practices.",A strong interest in a career in Human Resources; Excellent communication and organizational skills; A proactive and detail-oriented approach; Ability to handle confidential information.,"['Human Resources', 'Recruitment', 'HR Administration']",Internship Certificate; Letter of recommendation; Flexible work hours,1,hybrid,21-10-2025
8d8605c9-2802-41a9-82c7-5e5a6c326511,Graphic Design,Hotkhana.com,Technology,"[""Bangalore"", ""560001""]","7,500",6,21-09-2025,Immediate,The Graphic Design Intern will create delicious-looking visuals for our food delivery platform.,"Design graphics for our app, website, and social media; Create animations and motion graphics using After Effects; Edit and enhance food photography with Photoshop and Lightroom; Collaborate on creative campaigns with the marketing team.","Proficiency in Adobe Photoshop, Illustrator, After Effects, and Lightroom; A portfolio that showcases a strong sense of aesthetics, especially in food visuals; Creative and passionate about food and design; A great team player.","['Adobe Photoshop', 'Adobe Illustrator', 'Adobe After Effects', 'Adobe Photoshop Lightroom CC']",Internship with job offer; Certificate; Letter of recommendation,1,remote,21-10-2025
8e3e4a9d-1d02-40bd-8779-7e75134b7faf,Social Media Marketing,VisualNet Private Limited,Technology,"[""Bangalore"", ""560001""]","7,000",6,21-09-2025,Immediate,The Social Media Marketing Intern will provide essential support and hands-on experience in managing and growing our online presence.,Develop and schedule content for various social media platforms; Monitor social media channels for engagement and feedback; Assist in creating marketing campaigns and analyzing their performance; Use MS-Office to prepare reports on social media metrics.,Familiarity with major social media platforms; Strong writing and communication skills; Basic knowledge of marketing principles; Proficiency in MS-Office.,"['MS-Office', 'Social Media Marketing', 'Content Creation']",Internship Certificate; Letter of recommendation; Flexible work hours; Informal dress code; 5 days a week; Free snacks & beverages,2,onsite,21-10-2025
8ef526bf-27dc-4fc8-830d-d4f2f7312fc6,Operations,Paxnova Services,Other,"[""Bangalore"", ""560001""]","7,500",3,21-09-2025,Immediate,The Operations Intern will support the smooth and efficient running of our daily business operations.,Assist with managing and coordinating operational tasks and workflows; Help with process documentation and identifying areas for improvement; Provide administrative support to the operations team; A job offer is available for strong performers.,Excellent organizational and problem-solving skills; A proactive and detail-oriented approach; Good communication and teamwork abilities; An interest in business operations.,"['Operations', 'Process Improvement', 'Coordination']",Internship with job offer; Certificate; Letter of recommendation; Flexible work hours; Informal dress code,1,remote,21-10-2025
906b8566-23b5-4b45-9a72-c3cec8a0fb41,Merchandise Design Apparel,Mabel Clothing,Design,"[""Bangalore"", ""560001""]","6,000",6,21-09-2025,Immediate,"The Merchandise Design Intern will work on apparel design and data management, with performance incentives.",Assist with designing new apparel collections; Use Adobe Photoshop for creating design mockups; Manage merchandise data and planning sheets using MS-Excel; Collaborate with the design and production teams.,A strong interest in merchandise and apparel design; Proficiency in Adobe Photoshop and MS-Excel; A creative and organized individual; This role is incentive-driven with flexible hours.,"['Adobe Photoshop', 'MS-Excel', 'Merchandising', 'Apparel Design']",Internship Certificate; Flexible work hours; Informal dress code; Performance incentives,1,hybrid,21-10-2025
9080fa17-216d-4dbf-b681-4784d2f3b813,Photography,Purplefront Technologies Private Limited,Technology,"[""Bangalore"", ""560001""]","3,000",1,21-09-2025,Immediate,This is a one-month Photography Internship to create visual content for our technology company.,"Plan and execute photo shoots for our products, team, and office environment; Edit and retouch photos using Adobe Photoshop and Creative Suite; Create a library of high-quality images for marketing and branding; Collaborate with the marketing team on visual storytelling.",Strong photography and photo editing skills; Proficiency in Adobe Photoshop and Creative Suite; A creative portfolio is required; Ability to complete a project within a one-month timeframe.,"['Adobe Photoshop', 'Adobe Creative Suite', 'Photography', 'Photo Editing']",Internship Certificate; Free snacks & beverages; Project-based experience,1,onsite,21-10-2025
90b3351d-329a-4cc0-92d9-ec0a73c7bc98,PHP Development,Gloify,Technology,"[""Bangalore"", ""560001""]","10,000",3,21-09-2025,Immediate,The PHP Development Intern will work on building and maintaining backend systems and web applications.,"Develop and maintain web applications using PHP and related frameworks; Write clean, efficient, and well-documented code; Collaborate with the front-end team to integrate user-facing elements; Participate in the entire development lifecycle.","Strong proficiency in PHP programming; A good understanding of web development fundamentals; Experience with a PHP framework (e.g., Laravel, Symfony) is a plus; A passion for backend development.","['PHP', 'Web Development', 'Backend Engineering']",Internship with job offer; Certificate; Letter of recommendation; 5 days a week,2,remote,21-10-2025
91357422-3d26-4e52-927e-d65efd302b04,Graphic Design,Rolla Online Institute,Education,"[""Bangalore"", ""560001""]","3,000",3,21-09-2025,Immediate,The Graphic Design Intern will create visual assets for our online courses and marketing materials.,"Design graphics, presentations, and web elements using Adobe Creative Suite; Create animations and motion graphics with Adobe After Effects; Assist in web design tasks using Adobe Dreamweaver; Collaborate on visual concepts with the content team.","Proficiency in CorelDRAW, Adobe Creative Suite, Dreamweaver, and After Effects; A strong design portfolio; Creative and detail-oriented; Ability to translate educational content into engaging visuals.","['CorelDRAW', 'Adobe Creative Suite', 'Adobe Dreamweaver', 'Adobe After Effects']",Internship Certificate; Letter of recommendation; Flexible work hours,1,onsite,21-10-2025
919e9e9c-8204-45f6-b407-6c3c8a8a07c2,Content Writing,Flipshope,Technology,"[""Bangalore"", ""560001""]","10,000",4,21-09-2025,Immediate,The Content Writing Intern will create SEO-friendly and creative content for our e-commerce focused platform.,"Write articles, blogs, and product descriptions related to online shopping and deals; Implement SEO best practices to increase organic traffic; Assist with digital marketing content creation; Research e-commerce trends to generate fresh content ideas.",Excellent creative writing and SEO skills; A strong interest in e-commerce and digital marketing; Ability to write engaging and informative content; A portfolio of relevant writing samples is preferred.,"['Digital Marketing', 'Search Engine Optimization (SEO)', 'Creative Writing', 'E-commerce']",Internship Certificate; Flexible work hours,1,onsite,21-10-2025
92131f23-9ffe-4b2e-b9f5-93331e114f98,Content Writing,Hana E Solutions,Technology,"[""Bangalore"", ""560001""]","5,000",2,21-09-2025,Immediate,The Content Writing Intern will create written content for our technology solutions and services.,"Research and write articles, blog posts, and website content on technology topics; Create clear and concise copy for marketing materials; Proofread and edit content for clarity and accuracy; Collaborate with the marketing and technical teams.",Excellent writing and editing skills; Ability to understand and write about technical subjects; A portfolio of written work is a plus; Works well in a 5-day-a-week schedule.,"['Content Writing', 'Technical Writing', 'Copywriting']",Internship Certificate; Letter of recommendation; Flexible work hours; 5 days a week,1,remote,21-10-2025
925fe326-4bfc-41bf-936a-720c7c37b2a7,Graphic Design,INLINE-4 AUTOMOTIVE,Other,"[""Bangalore"", ""560001""]","3,000",2,21-09-2025,Immediate,The Graphic Design Intern will create exciting visual content for our automotive brand.,"Design graphics and videos for social media, our website, and events; Use Adobe Photoshop, Illustrator, Premiere Pro, and After Effects; Collaborate with the marketing team on creative concepts for our automotive audience; Ensure all visuals are on-brand and engaging.","Proficiency in Adobe Photoshop, Illustrator, Premiere Pro, and After Effects; A strong design portfolio with a dynamic and modern aesthetic; A passion for cars, bikes, and automotive culture; Creative and collaborative.","['Adobe Photoshop', 'Adobe Illustrator', 'Adobe Premiere Pro', 'Adobe After Effects']",Internship Certificate; Letter of recommendation; Flexible work hours; Informal dress code,1,remote,21-10-2025
92a8b766-1ecd-4d6a-87c3-deb94808c70c,Video Making Editing,TVC Health Private Limited,Healthcare,"[""Delhi"", ""110001""]","5,000",1,21-09-2025,Immediate,The Video Making/Editing Intern will create engaging health and wellness video content for a one-month project.,"Plan, shoot, and edit short videos on health-related topics; Write creative scripts and concepts for the videos; Ensure the final output is high-quality and informative; Collaborate with our health experts on content.",Strong skills in video making and video editing; Creative writing ability for scripting; A passion for health and wellness; A portfolio of your video work is required.,"['Video Editing', 'Creative Writing', 'Video Making', 'Health Content']",Internship Certificate; Letter of recommendation; Flexible work hours; Informal dress code,1,hybrid,21-10-2025
934f0576-fb6c-4855-b666-d34038ab112f,Digital Marketing,Zopnik Innovations Private Limited,Technology,"[""Delhi"", ""110001""]","5,000",2,21-09-2025,Immediate,The Digital Marketing Intern will focus on paid advertising and search engine marketing.,Assist in managing and optimizing Search Engine Marketing (SEM) campaigns; Help run advertising campaigns on Facebook and other digital platforms; Analyze campaign data to measure performance and ROI; Support the digital marketing team with various tasks.,"A good understanding of digital marketing, SEM, and Facebook Marketing; Strong analytical skills; A proactive and results-oriented approach; Eager to learn about paid advertising.","['Search Engine Marketing (SEM)', 'Digital Marketing', 'Facebook Marketing', 'Paid Advertising']",Internship Certificate; Letter of recommendation; Informal dress code,1,onsite,21-10-2025
935a8c0e-da05-4741-b651-2e2bf965002e,Human Resources (HR),Brainstorm Consulting,Other,"[""Bangalore"", ""560001""]","10,000",6,21-09-2025,Immediate,The Human Resources (HR) Intern will support the recruitment process and other HR functions.,Assist with sourcing and screening candidate resumes; Schedule and coordinate interviews with candidates and hiring managers; Help maintain the applicant tracking system (ATS); Communicate with candidates in a professional manner.,Strong interest in recruitment and human resources; Excellent spoken English proficiency and communication skills; Good organizational and time management abilities; A proactive and personable attitude.,"['Recruitment', 'English Proficiency (Spoken)', 'Candidate Sourcing']",Internship Certificate; Hands-on HR experience,3,hybrid,21-10-2025
935fc1cb-460c-43e8-abb1-9fcafee9299f,Digital Marketing,Ficuslot Innovation Private Limited,Technology,"[""Bangalore"", ""560001""]","6,000",6,21-09-2025,Immediate,The Digital Marketing Intern will execute and manage our online marketing campaigns.,Develop and implement social media marketing and SEO strategies; Create graphics for digital campaigns using Adobe Photoshop; Manage email marketing campaigns and newsletters; Analyze marketing data to track performance and find insights.,"A solid understanding of digital marketing, including social media, SEO, and email marketing; Proficiency in Adobe Photoshop; An analytical and creative mindset; Good communication and teamwork skills.","['Social Media Marketing', 'Adobe Photoshop', 'Digital Marketing', 'Search Engine Optimization (SEO)', 'Email Marketing']",Internship Certificate; Hands-on digital marketing experience,1,onsite,21-10-2025
93e1cb47-432d-4733-b431-3856a000162d,Customer Success Management,Joveo Technologies Private Limited,Technology,"[""Bangalore"", ""560001""]","10,000",6,21-09-2025,Immediate,The Customer Success Management Intern will help ensure our clients achieve their goals using our technology.,Assist customer success managers with client onboarding and support; Use MS-Office to prepare reports and presentations for clients; Help monitor client health and identify opportunities for growth; Gather and analyze customer feedback.,Proficiency in MS-Office; Excellent communication and interpersonal skills; A customer-centric mindset and problem-solving abilities; An interest in technology and client management.,"['MS-Office', 'Customer Success', 'Client Relationship Management']",Internship Certificate; Letter of recommendation,1,remote,21-10-2025
95016fe3-35c1-4f29-bac8-30c5fc4a21a4,Operations (e-commerce orders),Nasher Miles,Design,"[""Hoskote"", ""562114""]","12,000",6,21-09-2025,Immediate,The Operations Intern will be responsible for managing e-commerce order fulfillment for our lifestyle brand.,Process and manage customer orders from our e-commerce platform; Coordinate with the warehouse and logistics partners to ensure timely dispatch; Handle customer inquiries related to orders and shipping; Maintain accurate records of all orders.,Strong organizational skills and high attention to detail; Good communication skills for coordinating with partners; An interest in e-commerce and operations; A reliable and efficient worker.,"['E-commerce Operations', 'Order Fulfillment', 'Logistics']",Internship Certificate; Letter of recommendation; Informal dress code,1,remote,21-10-2025
955e9c47-a3f6-41af-b0d7-6a9528879ac6,Mobile App Development,Krew Ventures,Technology,"[""Bangalore"", ""560001""]","6,000",3,21-09-2025,Immediate,The Mobile App Development Intern will work on cross-platform and native apps for both iOS and Android.,"Develop mobile applications using technologies like ReactJS, Swift, and Java; Implement algorithms and work with data formats like XML and JSON; Integrate with backend services using REST APIs; Collaborate with a team of developers and designers.","Proficiency in mobile development (Java/Android, Swift/iOS, ReactJS); Strong understanding of algorithms, JSON, XML, and REST APIs; A portfolio of mobile app projects is essential; A versatile and collaborative developer.","['Java', 'XML', 'Algorithms', 'JSON', 'Swift', 'REST API', 'iOS', 'Android', 'ReactJS']",Internship with job offer; Certificate; Letter of recommendation; Flexible work hours; Informal dress code; Free snacks & beverages,2,remote,21-10-2025
955ef44d-f1c2-4337-8ba2-224ee20d2ac0,Business Development (Sales),LAKSHMI JOINT VENTURE,Other,"[""Chennai"", ""600001""]","10,000",3,21-09-2025,Immediate,The Business Development (Sales) Intern will support the sales team with presentations and data management.,Create and edit sales presentations using MS-PowerPoint; Manage and organize sales data with MS-Excel; Assist with market research and identifying potential leads; Support the sales team in daily administrative tasks.,Proficiency in MS-PowerPoint and MS-Excel; Good communication and organizational skills; An interest in a career in business development; Detail-oriented and reliable.,"['MS-PowerPoint', 'MS-Excel', 'Sales Support']",Internship Certificate; Letter of recommendation,1,hybrid,21-10-2025
96b7b308-2645-42e5-bbc7-2f717aa0a32e,Marketing,Mech Skillz Engineering Solutions Private Limited,Manufacturing,"[""Delhi"", ""110001""]","8,000",2,21-09-2025,Immediate,The Marketing Intern will support marketing initiatives within the engineering sector.,Assist in creating marketing content for our services; Help manage social media and email marketing campaigns; Conduct market research to identify new opportunities; Support the marketing team with lead generation activities.,Strong spoken English and communication skills; Interest in marketing and the engineering industry; Creative and analytical thinking; Ability to work both independently and as part of a team.,"['English Proficiency (Spoken)', 'Marketing Strategy', 'Content Creation']",Internship with job offer; Certificate; Letter of recommendation; Flexible work hours,2,remote,21-10-2025
979ca511-647b-4e85-b9f3-745496f77cd8,Assembly & Manufacturing,Openwater.in Private Limited,Manufacturing,"[""Bangalore"", ""560001""]","15,000",6,21-09-2025,Immediate,The Assembly & Manufacturing Intern will get hands-on experience in the assembly and production process.,Participate in the assembly of products according to specifications; Assist with quality control checks at various stages of production; Help maintain a clean and safe work environment; Support the manufacturing team in meeting production targets.,A hands-on attitude and willingness to learn manufacturing processes; Good attention to detail and ability to follow instructions; A strong work ethic and commitment to quality; Background in a technical or engineering field is a plus.,"['Manufacturing', 'Assembly', 'Quality Control']",Internship Certificate; Flexible work hours; Informal dress code; 5 days a week,2,remote,21-10-2025
97b0af41-d8f4-4865-b262-f4458f1a1cfb,Business Development (Sales),Stylsa,Technology,"[""Chennai"", ""600001""]","5,000",3,21-09-2025,Immediate,The Business Development (Sales) Intern will use a full suite of digital marketing skills to drive sales.,"Execute multi-channel digital marketing campaigns (SEM, social media, email); Manage product lifecycle marketing (PLM) initiatives; Write compelling copy for marketing materials; Analyze campaign performance and generate leads for the sales team.","Broad knowledge of digital marketing including SEM, social media, and email; Excellent written English skills; Understanding of Product Lifecycle Management (PLM) is a plus; A data-driven and creative approach to sales.","['Social Media Marketing', 'Search Engine Marketing (SEM)', 'Digital Marketing', 'Facebook Marketing', 'Email Marketing', 'English Proficiency (Written)', 'Product Lifecycle Management(PLM)', 'Instagram Marketing']",Internship with job offer; Certificate; Letter of recommendation; Flexible work hours; 5 days a week,1,remote,21-10-2025
97b803c9-ca34-497c-8c21-f4579721c8ab,Business Development (Sales),Fostpro,Other,"[""Bangalore"", ""560001""]","8,000",2,21-09-2025,Immediate,The Business Development (Sales) Intern will gain hands-on experience in key areas of the sales cycle.,Assist the sales team with lead generation and market research; Support in creating sales pitches and marketing materials; Help manage client communications and follow-ups; Learn to use CRM tools for sales tracking.,Strong interpersonal and communication skills; A keen interest in a sales career; Self-motivated and able to work in a team; Pursuing a business or marketing degree is an advantage.,"['Lead Generation', 'Sales Support', 'Client Communication']",Internship Certificate; Practical sales training,2,onsite,21-10-2025
97c436f6-56a2-496e-b018-a7ae2f348655,Accounts,A & AB Associates,Finance,"[""Bangalore"", ""560001""]","5,000",3,21-09-2025,Immediate,The Accounts Intern will gain practical experience in accounting and financial tasks.,"Assist with bookkeeping, data entry, and maintaining financial records; Help prepare financial statements and reports; Support with accounts payable and receivable processes; Learn about accounting principles and software.","Pursuing a degree in Accounting, Finance, or a related field; Strong numerical and analytical skills; Attention to detail and accuracy; Familiarity with accounting software like Tally is a plus.","['Accounting', 'Bookkeeping', 'Financial Reporting']",Internship Certificate; Hands-on accounting experience,1,onsite,21-10-2025
9817ae46-5a3e-4edc-8cd2-d7d29f829910,Human Resources (HR),Rolla Online Institute,Education,"[""Bangalore"", ""560001""]","3,000",3,21-09-2025,Immediate,The Human Resources (HR) Intern will provide support to the HR department of our online institute.,Assist with recruiting and onboarding new staff and instructors; Help manage employee records and documentation; Support HR administrative tasks and projects; Contribute to creating a positive work environment.,"Interest in a career in Human Resources, particularly in the education sector; Strong organizational and communication skills; Ability to handle sensitive information with confidentiality; A proactive and helpful attitude.","['HR Administration', 'Recruitment Support', 'Employee Onboarding']",Internship Certificate; Letter of recommendation; Flexible work hours,1,remote,21-10-2025
9818c7e0-7873-414a-87ec-cae67e3d0f98,Book Writing,Yes Property,Other,"[""Bangalore"", ""560001""]","8,000",3,21-09-2025,Immediate,"The Book Writing Intern will assist in the research, writing, and development of a book.","Conduct research on the designated topic for the book; Assist with drafting and writing chapters; Help with editing, proofreading, and organizing the manuscript; Collaborate with the author and other team members.",Excellent creative writing and research skills; A strong command of the English language; A passion for writing and storytelling; A detail-oriented and dedicated writer.,"['Creative Writing', 'Research', 'Editing']",Internship Certificate; Letter of recommendation; A unique opportunity to contribute to a book,1,onsite,21-10-2025
981accad-c12b-4550-baf5-4af97edcfaaa,Business Development (Sales),Yes Property,Other,"[""Bangalore"", ""560001""]","8,000",3,21-09-2025,Immediate,The Business Development (Sales) Intern will utilize social media marketing to drive sales in the real estate sector.,Use social media platforms to generate leads for property sales; Create and share engaging content about our properties; Interact with potential clients online and nurture leads; Support the sales team in closing deals.,Knowledge of social media marketing; Strong sales acumen and communication skills; An interest in the real estate industry; Proactive and results-driven.,"['Social Media Marketing', 'Lead Generation', 'Sales']",Internship Certificate; Letter of recommendation,3,remote,21-10-2025
989fca71-85c7-4665-9de3-529b5980c973,Anchoring,Prakshep Private Limited,Technology,"[""Bangalore"", ""560001""]","5,000",6,21-09-2025,Immediate,The Anchoring Intern will be the face and voice of our company in video content and events.,Host and anchor video content for our digital platforms; Present at online webinars and events with confidence and clarity; Assist with scriptwriting and content preparation; Engage with the audience in a professional and charismatic manner.,Excellent public speaking and presentation skills; A confident and engaging on-camera presence; Strong communication skills; A job offer is available for interns who excel in this role.,"['Anchoring', 'Public Speaking', 'Presentation Skills']",Internship with job offer; Certificate; Letter of recommendation; Flexible work hours,1,hybrid,21-10-2025
98c17b74-bd9e-498f-806a-ef51619be5e4,Social Media Marketing,INLINE-4 AUTOMOTIVE,Other,"[""Bangalore"", ""560001""]","3,000",2,21-09-2025,Immediate,The Social Media Marketing Intern will manage our online presence on platforms popular with automotive enthusiasts.,"Create and manage content for Facebook, Instagram, and other relevant platforms; Run targeted marketing campaigns to increase engagement and leads; Interact with our online community of car and bike lovers; Analyze and report on social media performance.","A passion for automobiles and social media; Experience with Facebook and Instagram marketing; Creative content creation skills (text, images, video); Strong communication skills.","['Social Media Marketing', 'Facebook Marketing', 'Instagram Marketing', 'Content Creation']",Internship Certificate; Letter of recommendation; Flexible work hours; Informal dress code,1,remote,21-10-2025
99db122c-add8-44b1-9837-082b163b83bc,Content Writing,KeyLynk Business Consulting Private Limited,Other,"[""Bangalore"", ""560001""]","5,000",2,21-09-2025,Immediate,The Content Writing Intern will create professional content for our business consulting services.,"Research and write articles, blog posts, and service descriptions; Use MS-Word to draft and format content; Ensure all writing is clear, professional, and tailored to a business audience; Assist with proofreading and editing.",Strong writing and research skills; Proficiency in MS-Word; Ability to write about business and consulting topics; Excellent attention to detail.,"['MS-Word', 'Content Writing', 'Business Writing']",Internship Certificate; Letter of recommendation; Flexible work hours,1,remote,21-10-2025
9abd90d1-8ea7-4fa1-a0fe-5427a0b67a14,Content Writing,HalfCute Internet Private Limited,Technology,"[""Bangalore"", ""560001""]","15,000",6,21-09-2025,Immediate,The Content Writing Intern will create engaging written content for our online platform.,"Write compelling blog posts and articles on various topics; Develop creative and persuasive copy for marketing materials; Ensure all content is well-written with excellent English proficiency; Research topics thoroughly to produce high-quality, informative content.","Excellent writing skills, especially in blogging and copywriting; Strong command of the English language; A portfolio of writing samples is required; A creative and independent writer.","['Copywriting', 'Blogging', 'English Proficiency (Written)', 'Content Creation']",Internship Certificate; Competitive stipend,1,remote,21-10-2025
9aeb0ecb-bca9-414a-8aee-3d5260ed9436,Content Writing,Kofluence,Technology,"[""Bangalore"", ""560001""]","10,000",6,21-09-2025,Immediate,"The Content Writing Intern will create content for our influencer marketing platform, with a job offer possibility.","Write engaging content for our blog, website, and social media channels; Use Adobe Photoshop for creating basic graphics to accompany content; Assist with digital and social media marketing campaigns; Collaborate with the marketing team on content strategy.",Excellent writing skills and an understanding of digital and social media marketing; Basic skills in Adobe Photoshop; A creative and proactive content creator; A job offer is available for strong performers.,"['Social Media Marketing', 'Adobe Photoshop', 'Digital Marketing', 'Content Writing']",Internship with job offer; Certificate; Letter of recommendation,2,onsite,21-10-2025
9b22ee3a-58ed-4322-adc2-8dbc02938699,Operations,Zapr Media Labs,Technology,"[""Bangalore"", ""560001""]","30,000",2,21-09-2025,Immediate,The Operations Intern will support our media technology company with event management and operational tasks.,"Assist in the planning and execution of internal and external events; Coordinate logistics, vendors, and schedules for events; Support the operations team with daily tasks to ensure smooth functioning; Work in a structured, 5-day-a-week environment.",Experience or a strong interest in event management; Excellent organizational and multitasking skills; Strong communication and teamwork abilities; Ability to work in a fast-paced tech environment.,"['Event Management', 'Operations', 'Coordination']",Internship Certificate; 5 days a week; High-impact experience with a competitive stipend,1,remote,21-10-2025
9d78c740-3ce4-48a9-876e-f5cbc11c6bff,Consulting,Prashaste Education And Management Consultancy Private Limited,Education,"[""Bangalore"", ""560001""]","10,000",6,21-09-2025,Immediate,The Consulting Intern will support our team in providing management and education consulting services.,"Conduct research and data analysis for client projects; Prepare reports, presentations, and other deliverables using MS-Office (Excel, PowerPoint); Assist senior consultants in client meetings and workshops; Learn about the consulting process and industry best practices.","Strong analytical and problem-solving skills; High proficiency in MS-Office, especially MS-Excel and MS-PowerPoint; Excellent communication and presentation skills; A proactive and professional attitude, with a job offer for successful interns.","['MS-Office', 'MS-PowerPoint', 'MS-Excel', 'Consulting', 'Data Analysis']",Internship with job offer; Certificate; Letter of recommendation,2,hybrid,21-10-2025
9f328b14-fe70-4726-aa97-8ede9cf5415b,Interior Design,Unplan,Design,"[""Bangalore"", ""560001""]","5,000",3,21-09-2025,Immediate,The Interior Design Intern will support our design team on various residential and commercial projects.,Assist senior designers with space planning and creating design concepts; Help with material sourcing and creating mood boards; Support in drafting and 3D modeling tasks; Coordinate with vendors and assist with project management.,A passion for interior design and a creative mindset; Currently pursuing a degree in Interior Design or a related field; Familiarity with design software is a plus; Strong organizational skills.,"['Interior Design', 'Space Planning', 'Vendor Coordination']",Internship with job offer; Certificate; Letter of recommendation; Flexible work hours,1,hybrid,21-10-2025
9fc9bc19-8c53-4186-b614-b8fa873a7500,Subject Matter Expert - English/SST,Vedantu Innovations Private Limited,Education,"[""Bangalore"", ""560001""]","20,000",2,21-09-2025,Immediate,The Subject Matter Expert Intern will be responsible for creating and reviewing high-quality academic content for English and Social Studies (SST).,"Develop engaging and accurate educational content for K-12 students; Create questions, solutions, and explanatory notes for our platform; Review and ensure the quality of existing content; Collaborate with the academic team to improve learning materials.","Expert knowledge in English and/or Social Studies (History, Geography); Excellent writing and editing skills; A passion for education and making learning fun; Prior teaching or content creation experience is preferred.","['Content Creation', 'Subject Matter Expertise', 'English', 'Social Studies']",Internship Certificate; Competitive stipend; Experience in a leading EdTech company,4,remote,21-10-2025
9ff52443-0a11-460b-ab19-a0df36f9eaf9,Marketing,Yumzy - The Food Delivery App,Technology,"[""Chennai"", ""600001""]","2,000",1,21-09-2025,Immediate,The Marketing Intern will support our food delivery app's growth through targeted digital and social media campaigns.,"Execute digital marketing strategies on social media, focusing on Instagram; Create engaging content to attract new users and restaurant partners; Analyze campaign performance and provide insights; This is a one-month role with incentives and a job offer possibility.","Experience with social media marketing, digital marketing, and Instagram marketing; Strong communication and creative skills; A passion for the food-tech industry; A results-driven and enthusiastic attitude.","['Social Media Marketing', 'Digital Marketing', 'Instagram Marketing']",Internship with job offer; Certificate; Letter of recommendation; Flexible work hours; Informal dress code; Performance incentives,3,hybrid,21-10-2025
a0297591-9531-4fa6-9899-a104d6e74f90,Business Development (Sales),Zebo.ai,Technology,"[""Delhi"", ""110001""]","10,000",5,21-09-2025,Immediate,The Business Development (Sales) Intern will drive growth for our AI-powered solutions.,Utilize digital and email marketing to generate sales leads; Communicate with potential clients in English and Hindi; Follow up on leads and conduct product demos; Work with the team to develop and execute sales strategies.,Knowledge of digital and email marketing; Excellent spoken English and Hindi; Strong sales and interpersonal skills; A passion for technology and artificial intelligence.,"['Digital Marketing', 'Email Marketing', 'English Proficiency (Spoken)', 'Hindi Proficiency (Spoken)']",Internship with job offer; Certificate; Letter of recommendation; Flexible work hours; Informal dress code; Free snacks & beverages,2,onsite,21-10-2025
a0bc9412-49bc-48f7-a4d4-879e0164dcd8,Marketing,John Meridian,Other,"[""Bangalore"", ""560001""]","7,500",3,21-09-2025,Immediate,The Marketing Intern will assist in the development and implementation of our marketing strategies.,Support the marketing team in executing campaigns across various channels; Conduct market research and analyze competitor activities; Assist in creating marketing content and materials; Help track and report on campaign performance.,A strong interest in marketing and brand building; Good communication and analytical skills; A creative and proactive approach; Ability to work in a 5-day-a-week schedule.,"['Marketing Strategy', 'Market Research', 'Campaign Management']",Internship Certificate; 5 days a week,1,hybrid,21-10-2025
a1425195-cb67-4cc4-9c35-d88872ee4838,Field Operations,NoBroker,Technology,"[""Pune"", ""411001""]","10,000",3,21-09-2025,Immediate,The Field Operations Intern will be responsible for on-the-ground tasks to support our real estate platform.,Conduct property visits and inspections; Assist with customer meetings and property viewings; Collect and verify data for property listings; Coordinate with the central operations team to ensure smooth field activities.,A proactive and hands-on attitude; Excellent communication and interpersonal skills; Comfortable with local travel and fieldwork; A reliable and responsible individual.,"['Field Operations', 'Customer Interaction', 'Data Collection']",Internship Certificate; Field experience in a fast-growing startup,3,onsite,21-10-2025
a15954ea-bc67-4767-8f65-47687aa175a9,Web Development,The Eat Neat Project,Healthcare,"[""Bangalore"", ""560001""]","10,000",6,21-09-2025,Immediate,The Web Development Intern will manage and enhance our health and wellness brand's website.,"Develop, update, and maintain our website using WordPress; Customize themes and plugins to improve functionality and design; Ensure the website is user-friendly, responsive, and optimized for performance; Collaborate with the content team to publish new material.","Strong proficiency in WordPress development and customization; A good understanding of front-end technologies (HTML, CSS); A creative problem-solver with an eye for design; Ability to work in a 5-day-a-week, collaborative environment.","['WordPress', 'Web Development', 'HTML', 'CSS']",Internship Certificate; Letter of recommendation; Flexible work hours; Informal dress code; 5 days a week; Free snacks & beverages,1,remote,21-10-2025
a187f9cb-539f-48a6-b083-47ef0a4e2fd6,Operations,Beegle,Technology,"[""Bangalore"", ""560001""]","2,000",2,21-09-2025,Immediate,The Operations Intern will provide support in a multilingual customer and operational environment.,"Assist with daily operational tasks and coordination; Communicate with customers and partners in English, Hindi, Tamil, and Kannada; Help manage schedules and logistics; Support the team in ensuring smooth service delivery.","Excellent spoken proficiency in English, Hindi, Tamil, and Kannada; Strong organizational and problem-solving skills; A proactive and adaptable attitude; Ability to work in a diverse, fast-paced environment.","['English Proficiency (Spoken)', 'Hindi Proficiency (Spoken)', 'Tamil Proficiency (Spoken)', 'Kannada Proficiency (Spoken)', 'Operations']",Internship Certificate; Letter of recommendation; Flexible work hours,1,onsite,21-10-2025
a3a57989-0f88-431d-b287-2fb4d0adb03e,Operations,Bambrew,Sustainability,"[""Bangalore"", ""560001""]","10,000",6,21-09-2025,Immediate,The Operations Intern at Bambrew will support our mission of providing sustainable packaging solutions.,Assist in managing supply chain and logistics for our eco-friendly products; Coordinate with production and sales teams to ensure timely delivery; Handle customer inquiries and provide operational support; Contribute to process optimization and quality control.,Excellent written and spoken English proficiency; Strong organizational and problem-solving skills; A passion for sustainability and eco-friendly products; Ability to work in a fast-paced startup environment.,"['English Proficiency (Spoken)', 'English Proficiency (Written)', 'Operations Management', 'Supply Chain']",Internship Certificate; Letter of recommendation; Flexible work hours; Informal dress code,1,onsite,21-10-2025
a3b84380-62c0-4a00-a187-7a5cf89e1576,Marketing,Vent For You,Healthcare,"[""Delhi"", ""110001""]","2,000",1,21-09-2025,Immediate,This is a one-month Marketing Internship focused on digital channels to promote our mental wellness platform.,"Execute digital marketing campaigns across email, social media (Facebook, Instagram), and search engines (SEM); Assist in creating content for different marketing channels; Analyze campaign performance and provide insights; Support the marketing team in reaching our target audience.","Knowledge of SEM, digital marketing, Facebook, email, and Instagram marketing; Strong communication and creative skills; A passion for mental health and wellness; Ability to work effectively in a short-term project.","['Search Engine Marketing (SEM)', 'Digital Marketing', 'Facebook Marketing', 'Email Marketing', 'Instagram Marketing']",Internship Certificate; Flexible work hours,1,hybrid,21-10-2025
a3c138ed-62cc-4f11-8325-470cbf111fb4,Marketing,Divineshop Ecommerce Solution Private Limited,Technology,"[""Bangalore"", ""560001""]","7,000",4,21-09-2025,Immediate,The Marketing Intern will drive growth for our e-commerce platform using a full suite of digital marketing techniques.,"Execute and manage marketing campaigns across SEM, SEO, Facebook, and Email channels; Analyze campaign performance to optimize for ROI; Develop and implement strategies to increase traffic and sales; Collaborate with the team on overall marketing planning.","Hands-on experience with SEM, SEO, digital marketing, Facebook marketing, and email marketing; A data-driven approach to marketing with strong analytical skills; Excellent communication and teamwork abilities; A passion for e-commerce.","['Search Engine Marketing (SEM)', 'Digital Marketing', 'Search Engine Optimization (SEO)', 'Facebook Marketing', 'Email Marketing']",Internship Certificate; Comprehensive digital marketing experience,1,onsite,21-10-2025
a3e18256-9390-46b8-ad94-6d63b485e233,Business Development,HalfCute Internet Private Limited,Technology,"[""Bangalore"", ""560001""]","15,000",6,21-09-2025,Immediate,The Business Development Intern will be responsible for identifying and developing new business opportunities.,Conduct market research to identify new growth areas and potential partnerships; Develop and execute strategies to expand our user base and revenue; Build and maintain relationships with key partners; Analyze data to track performance and inform strategy.,A strategic mindset with strong analytical and research skills; Excellent communication and negotiation abilities; A proactive and self-starting attitude; An interest in growing a technology business.,"['Business Development', 'Market Research', 'Strategy']",Internship Certificate; Competitive stipend,1,remote,21-10-2025
a402b58f-482a-49e7-8e05-8f10c56af2b6,Fashion Photography Videography,Enzo League,Design,"[""Bangalore"", ""560001""]","2,000",3,21-09-2025,Immediate,The Fashion Photography/Videography Intern will create stunning visual content for our fashion brand.,Plan and execute fashion photo and video shoots; Edit photos using Adobe Photoshop and Lightroom; Edit videos using video editing software and add effects with After Effects; Collaborate with stylists and models to bring creative concepts to life.,"A strong portfolio in fashion photography and videography; Proficiency in Adobe Photoshop, Lightroom, After Effects, and video editing; A creative eye for fashion and visual storytelling; Ability to work in a fast-paced, creative environment.","['Adobe Photoshop', 'Video Editing', 'Photography', 'Video Making', 'Adobe After Effects', 'Adobe Photoshop Lightroom CC']",Internship Certificate; Letter of recommendation; Flexible work hours,1,hybrid,21-10-2025
a4096a76-e71c-43d3-8c53-b6febaf4684e,PHP Development,IUGALE Services Private Limited,Technology,"[""Bangalore"", ""560001""]","10,000",6,21-09-2025,Immediate,The PHP Development Intern will work on our web applications using a variety of modern frameworks and technologies.,"Develop full-stack applications using PHP, MySQL, and frameworks like CodeIgniter and Laravel; Work with front-end technologies like ReactJS; Gain experience with the MEAN/MERN stack, including MongoDB and Node.js; Collaborate in an agile, 5-day-a-week environment.","A broad skill set in web development including PHP, MySQL, HTML, CSS, Bootstrap, and modern frameworks; A passion for learning and working with a full technology stack; A strong portfolio is highly recommended; A job offer is available for strong performers.","['PHP', 'MySQL', 'HTML', 'CSS', 'Bootstrap', 'MongoDB', 'CodeIgniter', 'Node.js', 'LARAVEL', 'ReactJS', 'MEAN/MERN Stack']",Internship with job offer; Certificate; Letter of recommendation; Informal dress code; 5 days a week,1,onsite,21-10-2025
a60cc13b-cdca-47f6-85ba-1b525a210e81,Android App Development,Cubereum,Technology,"[""Bangalore"", ""560001""]","15,000",6,21-09-2025,Immediate,The Android App Development Intern will be responsible for developing and maintaining our native Android applications.,"Design and build advanced applications for the Android platform using Java; Collaborate with cross-functional teams to define, design, and ship new features; Work on bug fixing and improving application performance; Continuously discover, evaluate, and implement new technologies.","Strong proficiency in Java and native Android development; A portfolio of published or personal Android projects; A passion for mobile technologies and a desire to create beautiful, functional apps; A problem-solver with a keen eye for detail.","['Java', 'Android', 'Mobile App Development']",Internship Certificate; Letter of recommendation; Informal dress code,1,hybrid,21-10-2025
a60f0257-9e91-4380-aeb5-62ea9a35b79d,Python Development,Fin-School Education LLP,Education,"[""Bangalore"", ""560001""]","10,000",1,21-09-2025,Immediate,"This is a one-month, multi-language Development Internship with a focus on Python.","Work on development tasks using Python, with potential exposure to Java and PHP; Assist in building and maintaining our educational platform; Collaborate with senior developers on coding and debugging; Learn about software development in the EdTech industry.",Strong programming skills in Python; Familiarity with Java and PHP is a plus; A fast learner with a passion for coding; Ability to contribute effectively in a short-term project.,"['Java', 'PHP', 'Python', 'Software Development']",Internship Certificate; Letter of recommendation; 5 days a week,1,remote,21-10-2025
a7243d04-3798-4213-8a01-5fd44760fd30,Social Media Marketing,"Zyena Technologies SDN, BHD, Malaysia",Technology,"[""Coimbatore"", ""641001""]","5,000",3,21-09-2025,Immediate,The Social Media Marketing Intern will support digital marketing initiatives with a focus on creating engaging online campaigns.,Create and execute social media content strategies; Monitor and analyze campaign performance and engagement metrics; Assist with search engine optimization (SEO) and email marketing tasks; Collaborate with the marketing team to develop new ideas.,Strong understanding of digital marketing concepts; Excellent written and verbal communication skills; Experience with social media platforms and analytics tools; Creative and analytical mindset.,"['Digital Marketing', 'Social Media Strategy', 'SEO']",Internship with job offer; Certificate; Letter of recommendation; Flexible work hours; 5 days a week,1,hybrid,21-10-2025
a7de7a67-d4b6-4261-99fb-01ec6c100fa9,Business Development (Sales),EDominer Systems Private Limited,Technology,"[""Bangalore"", ""560001""]","8,000",3,21-09-2025,Immediate,The Business Development (Sales) Intern will drive growth through a combination of social media and email marketing.,Execute social media and email marketing campaigns to generate leads; Communicate effectively with potential clients in English; Nurture leads through the sales funnel and schedule demos; Analyze campaign performance and suggest improvements.,Experience with social media and email marketing; Excellent written and spoken English; A proactive and results-driven approach to sales; Ability to work in a 5-day week structure.,"['Social Media Marketing', 'Email Marketing', 'English Proficiency (Spoken)', 'English Proficiency (Written)']",Internship with job offer; Certificate; Informal dress code; 5 days a week,1,remote,21-10-2025
a96a5bf5-9bde-44c1-8d59-18c0021176ed,Digital Marketing,Blismos Solutions Private Limited,Technology,"[""Bangalore"", ""560001""]","5,000",3,21-09-2025,Immediate,The Digital Marketing Intern will create and manage content for our online marketing efforts.,Assist in developing digital marketing strategies; Create and edit videos for promotional use; Prepare marketing presentations using MS-PowerPoint; Analyze the performance of digital marketing campaigns.,Knowledge of digital marketing principles; Skills in video editing and MS-PowerPoint; A creative and analytical mindset; Good communication skills.,"['MS-PowerPoint', 'Video Editing', 'Digital Marketing']",Internship Certificate; Hands-on marketing experience,1,remote,21-10-2025
a99f0411-371f-4b16-bfb1-a55fd15c6bb5,Social Media Marketing,KITES Senior Care,Healthcare,"[""Bangalore"", ""560001""]","15,000",3,21-09-2025,Immediate,The Social Media Marketing Intern will manage our online presence to connect with the senior care community.,Develop and manage content for our social media platforms; Write empathetic and informative content with excellent written English; Engage with our online community and respond to inquiries; Analyze social media performance to optimize our strategy.,Excellent written English and strong content creation skills; A compassionate and empathetic communication style; A good understanding of social media marketing; An interest in healthcare and senior care.,"['English Proficiency (Written)', 'Social Media Marketing', 'Content Creation']",Internship Certificate; Letter of recommendation; Competitive stipend,1,remote,21-10-2025
aa821ea5-d96a-4eeb-b74f-827ccf947fc4,Project Mentoring,GP Education Management Corporation Private Limited,Education,"[""Bangalore"", ""560001""]","11,000",6,21-09-2025,Immediate,The Project Mentoring Intern will guide and support students working on Java-based projects.,Mentor students on their Java programming projects; Provide technical guidance and troubleshoot coding issues; Review student code and provide constructive feedback; Help students prepare for project presentations and evaluations.,Strong proficiency in Java programming; A passion for teaching and mentoring; Excellent communication and problem-solving skills; Patience and the ability to explain complex concepts clearly.,"['Java', 'Mentoring', 'Teaching', 'Code Review']",Internship Certificate; Experience in educational mentorship,1,onsite,21-10-2025
aaa86f79-d9ec-4474-87b5-f6e2304ed05a,Photography,YKR Yatish Productions,Other,"[""Bangalore"", ""560001""]","8,000",6,21-09-2025,Immediate,The Photography Intern will assist with various photography projects and post-production tasks.,"Support lead photographers on shoots for events, portraits, and products; Assist with lighting, equipment setup, and on-set coordination; Edit and retouch photos using Adobe Photoshop and Lightroom; Organize and manage a large library of digital assets.",A strong passion for photography and a good technical understanding of cameras; Proficiency in Adobe Photoshop and Lightroom; A portfolio of your photography work is required; A reliable and hardworking team player.,"['Adobe Photoshop', 'Photography', 'Adobe Photoshop Lightroom CC', 'Photo Editing']",Internship Certificate; Letter of recommendation; Informal dress code; On-set experience,1,hybrid,21-10-2025
aaf6ef00-7f8f-42bc-bfed-4e28343bca22,Marketing Management,Evineon Technologies,Technology,"[""Bangalore"", ""560001""]","13,000",3,21-09-2025,Immediate,The Marketing Management Intern will assist in overseeing and coordinating our marketing strategies and campaigns.,"Support the marketing manager in planning and executing marketing initiatives; Help coordinate between content, design, and digital marketing teams; Assist in tracking marketing budgets and performance metrics; Conduct market research and competitor analysis.","A strong interest in marketing management and strategy; Excellent organizational and leadership skills; Good analytical and communication abilities; Pursuing a degree in Marketing, Business, or a related field.","['Marketing Management', 'Strategy', 'Project Coordination']",Internship Certificate; Experience in a tech marketing environment,1,hybrid,21-10-2025
ab3640da-61c5-4c83-b382-08a32de23660,Operations,Qalara (MesIndus Ventures),Technology,"[""Bangalore"", ""560001""]","10,000",2,21-09-2025,Immediate,The Operations Intern will support the backend processes of our B2B e-commerce platform.,"Assist with order processing, logistics, and supply chain coordination; Help manage seller and product information on our platform; Provide operational support to our B2B clients; Contribute to improving operational efficiency and processes.",Strong organizational and problem-solving skills; A detail-oriented and proactive approach; An interest in e-commerce and B2B operations; A job offer is available for high performers.,"['Operations', 'E-commerce', 'Supply Chain']",Internship with job offer; Certificate; Letter of recommendation; Informal dress code,1,remote,21-10-2025
abacfcdc-3bec-408c-816d-c9d76484a298,Digital Marketing,BrandRaga,Other,"[""Bangalore"", ""560001""]","2,000",1,21-09-2025,Immediate,This is a one-month Digital Marketing Internship focused on content and campaign execution.,Assist in creating and implementing digital marketing campaigns; Write creative and engaging content for blogs and social media; Support the team with market research and analysis; Help track and report on campaign performance.,A strong interest in digital marketing and creative writing; Good understanding of online marketing channels; A proactive learner with a creative flair; Excellent communication skills.,"['Digital Marketing', 'Creative Writing', 'Content Creation']",Internship Certificate; Letter of recommendation; Flexible work hours,1,onsite,21-10-2025
abb850f8-2289-4d81-a03e-77cbe0e63ca4,Business Development (Sales),Noon Academy,Education,"[""Bangalore"", ""560001""]","7,000",1,21-09-2025,Immediate,This is a one-month Business Development (Sales) Internship at a fast-growing EdTech company.,"Reach out to students to promote our online learning platform; Explain the benefits of our courses and help with enrollments; Work in a fast-paced, target-driven environment; Learn about sales strategies in the EdTech space.","A strong interest in sales and education; Excellent communication and persuasion skills; An energetic and proactive individual; Ability to thrive in a short-term, high-impact role.","['Sales', 'EdTech', 'Lead Generation']",Internship Certificate; Flexible work hours; Informal dress code; Free snacks & beverages,3,onsite,21-10-2025
ac328782-5e34-4e6d-a170-5d5d7bd6d8d4,Business Development (Sales),ThePendits,Other,"[""Bangalore"", ""560001""]","2,000",2,21-09-2025,Immediate,The Business Development (Sales) Intern will drive growth for our company with incentives and a job offer.,Identify and contact potential clients to generate new business; Build and maintain a strong sales pipeline; Deliver compelling sales pitches and presentations; This is an incentive-driven role with a job offer for top performers.,A strong aptitude for sales and a results-driven attitude; Excellent communication and interpersonal skills; A proactive and self-motivated individual; Ability to work in a 5-day-a-week schedule.,"['Sales', 'Lead Generation', 'Client Acquisition']",Internship with job offer; Certificate; Letter of recommendation; Flexible work hours; Informal dress code; 5 days a week; Free snacks & beverages; Performance incentives,1,onsite,21-10-2025
acfad4ab-7db5-45ea-9000-4f2a75edad8b,Content Writing,INLINE-4 AUTOMOTIVE,Other,"[""Bangalore"", ""560001""]","3,000",2,21-09-2025,Immediate,The Content Writing Intern will create engaging content for our automotive audience.,"Write creative and informative articles, blog posts, and social media content about cars and bikes; Implement SEO and SEM best practices to improve content visibility; Proofread and edit content for clarity and accuracy; Research automotive topics to ensure content is fresh and relevant.",Excellent creative and written English skills; Knowledge of SEO and SEM principles; A deep passion for and knowledge of the automotive industry; A portfolio of writing samples.,"['Search Engine Optimization (SEO)', 'Copywriting', 'English Proficiency (Written)', 'Search Engine Marketing (SEM)', 'Creative Writing']",Internship Certificate; Letter of recommendation; Flexible work hours; Informal dress code,1,onsite,21-10-2025
ad5c1177-b742-4523-b4be-92a0e81d6332,Business Development (Sales),Highway Delite,Technology,"[""Mangaluru"", ""575001""]","2,000",3,21-09-2025,Immediate,"The Business Development (Sales) Intern will help expand our network of partners, with performance incentives.",Reach out to potential partners along highways to onboard them onto our platform; Communicate our value proposition in English and Hindi; Use MS-Excel to track leads and progress; Work towards achieving partner acquisition targets.,Proficiency in MS-Excel; Excellent spoken English and Hindi; A willingness to travel and engage in field sales; A self-motivated and persuasive personality.,"['MS-Excel', 'English Proficiency (Spoken)', 'Hindi Proficiency (Spoken)', 'Field Sales']",Internship Certificate; Performance incentives,2,onsite,21-10-2025
adcf50d2-7edf-4bab-bfae-ee40f9bd9226,Content Writing,Gloify,Technology,"[""Bangalore"", ""560001""]","8,000",4,21-09-2025,Immediate,The Content Writing Intern will create technical and marketing content for our software company.,"Write creative and informative content for our blog, website, and social media channels; Implement SEO best practices to improve content visibility; Collaborate with the marketing and development teams; Research tech topics to create accurate and engaging articles.",Excellent creative writing and SEO skills; An interest in technology and software development; A portfolio of written work; A proactive and collaborative writer.,"['Social Media Marketing', 'Search Engine Optimization (SEO)', 'Creative Writing', 'Technical Writing']",Internship with job offer; Certificate; Letter of recommendation; 5 days a week,1,hybrid,21-10-2025
ae5ab397-124a-4cbc-a1ca-8671cee30980,Law Legal,Daksha Fellowship,Education,"[""Chennai"", ""600001""]","15,000",3,21-09-2025,Immediate,The Law/Legal Intern will support the legal and academic activities of our fellowship program.,"Conduct legal research on various contemporary topics; Assist in drafting and reviewing legal documents and academic materials; Support the coordination of fellowship programs and events; Gain experience at the intersection of law, technology, and public policy.",Currently enrolled in a law program (LLB or LLM); Strong legal research and writing skills; A keen interest in technology law and policy; A professional and proactive individual.,"['Legal Research', 'Legal Writing', 'Public Policy']",Internship Certificate; Competitive stipend; Experience with a prestigious fellowship,1,remote,21-10-2025
ae80a587-485a-4535-9560-945c341ad157,Image Editing,RR Lifestyles,Design,"[""Bangalore"", ""560001""]","5,000",3,21-09-2025,Immediate,The Image Editing Intern will be responsible for editing and enhancing photos for our lifestyle brand.,Retouch and edit product and campaign photos using Adobe Photoshop and Illustrator; Create simple animations or effects with Adobe After Effects; Ensure a high standard of quality and consistency in all images; A job offer is available for strong performers.,Strong proficiency in Adobe Photoshop and Illustrator; Experience with Adobe After Effects is a plus; A keen eye for detail and a good understanding of photo editing techniques; A portfolio of your editing work is required.,"['Adobe Photoshop', 'Adobe Illustrator', 'Adobe After Effects', 'Image Editing']",Internship with job offer; Certificate,1,onsite,21-10-2025
aef399df-d74e-41fd-bb97-bad1b30ac107,Business Development (Sales),Rai Techintro Private Limited,Technology,"[""Bangalore"", ""560001""]","5,000",4,21-09-2025,Immediate,The Business Development (Sales) Intern will use digital marketing to drive sales for our tech company.,Execute digital marketing and social media campaigns to generate leads; Use Google Analytics to track performance and find insights; Contact and follow up with potential clients; A job offer is available for high performers.,"A strong understanding of digital marketing, social media, and Google Analytics; Good sales acumen and communication skills; A results-driven and analytical mindset; Eager to grow in a tech sales role.","['Social Media Marketing', 'Google Analytics', 'Digital Marketing', 'Sales']",Internship with job offer; Certificate,2,onsite,21-10-2025
af6055f4-4d86-44e6-afc8-645db2f91743,Business Development (Sales),MothersFood,Other,"[""Faridabad"", ""121001""]","7,000",3,21-09-2025,Immediate,The Business Development (Sales) Intern will use social media and email marketing to drive sales for our food brand.,"Execute marketing campaigns on Facebook, Instagram, and email to generate leads; Contact and follow up with potential customers and partners; Work towards achieving sales targets; Analyze campaign performance to optimize results.","Strong skills in Facebook, email, and Instagram marketing; A passion for sales and the food industry; Excellent communication and analytical skills; A creative and results-oriented marketer.","['Facebook Marketing', 'Email Marketing', 'Instagram Marketing', 'Sales']",Internship Certificate; Letter of recommendation,1,remote,21-10-2025
af663fab-38c6-4f9c-8dd8-6cae94310e41,Sales And Marketing,WaterScience,Manufacturing,"[""Bangalore"", ""560001""]","10,000",3,21-09-2025,Immediate,The Sales and Marketing Intern will use a mix of analytical and creative skills to drive our brand's growth.,Use Google Analytics and Google AdWords to track and optimize marketing campaigns; Assist with creating marketing materials using Adobe Creative Suite and Dreamweaver; Communicate our brand message effectively with excellent spoken English; Support both sales and marketing teams.,"A versatile skill set including Google Analytics, AdWords, and Adobe Creative Suite; Excellent spoken English and communication skills; An analytical and creative mindset; A passion for sales and marketing.","['Google Analytics', 'Adobe Creative Suite', 'Adobe Dreamweaver', 'Google AdWords', 'English Proficiency (Spoken)']",Internship Certificate; Letter of recommendation; Informal dress code; Free snacks & beverages,1,onsite,21-10-2025
b0998064-0aa1-436e-b376-faa88d1e9cc7,Social Media Marketing,Upakarna,Design,"[""Mumbai"", ""400001""]","6,000",3,21-09-2025,Immediate,"The Social Media Marketing Intern will manage our brand's presence, with a focus on Instagram.","Develop and execute an Instagram marketing strategy for our fashion brand; Create visually appealing and engaging content (posts, stories, reels); Grow our follower base and community engagement; Analyze Instagram metrics and report on performance.",A strong passion for fashion and Instagram marketing; A creative eye for visuals and trends; Excellent content creation and communication skills; Experience managing an Instagram account for a brand or project.,"['Instagram Marketing', 'Social Media Marketing', 'Content Creation']",Internship Certificate; Letter of recommendation; Informal dress code,1,hybrid,21-10-2025
b133f011-adc1-4a9b-9f42-728f4028761d,Operations,RR Lifestyles,Design,"[""Bangalore"", ""560001""]","8,000",6,21-09-2025,Immediate,"The Operations Intern will support the operational processes of our lifestyle brand, with a job offer possibility.","Use MS-Excel to manage and track inventory, orders, and production; Coordinate with different departments to ensure smooth workflow; Communicate with suppliers and vendors with excellent English proficiency; Assist with day-to-day administrative and operational tasks.",Strong proficiency in MS-Excel; Excellent spoken and written English; A highly organized and detail-oriented individual; A proactive problem-solver with a passion for operations.,"['MS-Excel', 'English Proficiency (Spoken)', 'English Proficiency (Written)', 'Operations Management']",Internship with job offer; Certificate,1,hybrid,21-10-2025
b1c1a1dd-05eb-481c-902c-f7b6776288fd,Human Resources (HR),AyurVAID Hospitals,Healthcare,"[""Bangalore"", ""560001""]","7,000",3,21-09-2025,Immediate,The Human Resources (HR) Intern will gain generalist experience in a hospital environment.,"Assist with various HR functions, including recruitment, onboarding, and employee relations; Help with maintaining HR records and documentation; Support HR initiatives and projects within the hospital; Learn about HR practices in the healthcare industry.",A strong interest in a career in Human Resources; Excellent communication and interpersonal skills; A professional and empathetic attitude; Ability to handle sensitive information with confidentiality.,"['Human Resources', 'Recruitment', 'Healthcare Administration']",Internship Certificate; Experience in a hospital setting,1,hybrid,21-10-2025
b3182606-3980-49dc-ba51-c677faadca04,Social Media Marketing,Bodhsara Wellness And Salt Studio,Healthcare,"[""Bangalore"", ""560001""]","9,000",3,21-09-2025,Immediate,The Social Media Marketing Intern will manage our online presence to promote wellness services.,"Develop and implement a social media content calendar; Create engaging posts, stories, and visuals for various platforms; Interact with our online community and respond to inquiries; Track and analyze social media performance.",Passion for wellness and social media; Strong creative and writing skills; Experience with social media management tools; Ability to work independently.,"['Social Media Marketing', 'Content Creation', 'Community Management']",Internship Certificate; Letter of recommendation; Informal dress code; Free snacks & beverages,1,remote,21-10-2025
b492b4a0-9ad1-414f-b99c-a5e9639ab373,Graphic Design,PagarBook,Technology,"[""Bangalore"", ""560001""]","15,000",3,21-09-2025,Immediate,The Graphic Design Intern will create high-quality visual content for our financial technology app.,"Design graphics, animations, and videos for marketing and in-app use; Use Adobe Creative Suite (Photoshop, Illustrator, Premiere Pro, After Effects) to produce compelling visuals; Collaborate with the product and marketing teams; Maintain brand consistency across all assets.","Expertise in Adobe Photoshop, Illustrator, Premiere Pro, and After Effects; A strong portfolio demonstrating a wide range of design skills; Creative and innovative with a keen eye for detail; Experience in motion graphics is a big plus.","['Adobe Photoshop', 'Adobe Illustrator', 'Adobe Premiere Pro', 'Adobe Creative Suite', 'Adobe After Effects']",Internship Certificate; Competitive stipend; Experience in a fast-growing startup,1,hybrid,21-10-2025
b4999343-0565-4794-8c26-64606d319321,Business Development (Sales),JookeBox,Technology,"[""Bangalore"", ""560001""]","5,000",3,21-09-2025,Immediate,The Business Development (Sales) Intern will drive sales for our innovative music technology platform.,Reach out to potential clients and partners to promote JookeBox; Deliver compelling sales presentations using MS-PowerPoint; Follow up with leads and build a sales pipeline; Communicate effectively in English to close deals.,Excellent spoken English and presentation skills; Proficiency in MS-PowerPoint; A passion for music and technology; A confident and persuasive sales personality.,"['MS-PowerPoint', 'English Proficiency (Spoken)', 'Sales', 'Presentation Skills']",Internship with job offer; Certificate; Letter of recommendation,2,remote,21-10-2025
b49c2299-d496-4808-8c76-18b80847feb0,Social Media Marketing,Saaj By Ankita,Design,"[""Delhi"", ""110001""]","2,000",3,21-09-2025,Immediate,The Social Media Marketing Intern will manage the online presence of our fashion brand.,Develop and execute digital marketing campaigns on Facebook and Instagram; Write creative and persuasive copy for social media posts and ads; Engage with our online community to build brand loyalty; Analyze social media performance and trends.,"A strong passion for fashion and social media; Excellent skills in creative writing, copywriting, and digital marketing; Experience with Facebook and Instagram marketing; A creative and trend-aware individual.","['Social Media Marketing', 'Digital Marketing', 'Facebook Marketing', 'Creative Writing', 'Copywriting', 'Instagram Marketing']",Letter of recommendation; Flexible work hours; Experience in the fashion industry,1,onsite,21-10-2025
b5192e9b-3681-451f-a9ca-86e0b57aa895,Operations,ZENSKAA RETAIL,Other,"[""Bangalore"", ""560001""]","7,500",3,21-09-2025,Immediate,The Operations Intern will support our retail operations with a focus on our online platform.,Assist with managing our e-commerce store on WordPress; Handle order processing and inventory updates; Use MS-Excel for operational reporting; Support with basic accounting and vendor coordination.,Experience with WordPress and MS-Excel; Basic understanding of accounting principles; Strong organizational skills and attention to detail; Ability to work in a 5-day-a-week schedule.,"['WordPress', 'Accounting', 'MS-Excel', 'E-commerce Operations']",Internship Certificate; Letter of recommendation; Flexible work hours; 5 days a week,1,hybrid,21-10-2025
b57051c1-fdba-4c5f-aa60-2a4c9e740b5e,Fashion Design,Enamor,Design,"[""Bangalore"", ""560001""]","5,000",2,21-09-2025,Immediate,"The Fashion Design Intern will provide essential support and hands-on experience in the related field, focusing on design creation and software application.",Assist senior designers with concept development and mood boards; Create technical sketches and illustrations using Adobe Illustrator and CorelDRAW; Support in sourcing fabrics and trims; Help prepare design presentations.,"Pursuing or recently completed a degree in Fashion Design; Proficient in MS-Office, Adobe Illustrator, and CorelDRAW; Strong creative skills and attention to detail; A portfolio of previous work is required.","['MS-Office', 'Adobe Illustrator', 'CorelDRAW']",Internship Certificate; Mentorship from industry professionals,2,onsite,21-10-2025
b5aceb0d-911c-4135-a4cd-66f44ea5f6d6,Mobile App Development,Apogee Tech Global,Technology,"[""Bangalore"", ""560001""]","7,000",6,21-09-2025,Immediate,The Mobile App Development Intern will work on creating and improving our mobile applications.,"Assist with the design, development, and testing of mobile apps for iOS and/or Android; Write clean and efficient code under the mentorship of senior developers; Troubleshoot and debug to optimize performance; Participate in the full app development lifecycle.","A strong interest in mobile app development; Basic programming skills (e.g., Java, Swift, or Dart); A portfolio of personal or academic projects is a plus; Eagerness to learn and work in a 5-day-a-week schedule.","['Mobile App Development', 'iOS', 'Android']",Internship Certificate; Letter of recommendation; Flexible work hours; Informal dress code; 5 days a week; Free snacks & beverages,2,remote,21-10-2025
b5d5d9cd-dd32-407f-9de1-ca2763df47b4,Video Making Editing,APD Foundation,Other,"[""Bangalore"", ""560001""]","2,000",2,21-09-2025,Immediate,"The Video Making/Editing Intern will create impactful video content for our foundation, with a job offer possibility.","Plan, shoot, and edit videos to tell compelling stories about our work; Create short videos for social media and other digital platforms; Collaborate with the team to develop video concepts; Manage video files and production workflow.","Experience in video making and editing; Proficiency with video editing software (e.g., Adobe Premiere Pro, Final Cut Pro); A creative storyteller with a good eye for visuals; A passion for social causes.","['Video Production', 'Video Editing', 'Storytelling']",Internship with job offer; Certificate; Letter of recommendation; Flexible work hours; Performance incentives,1,onsite,21-10-2025
b5ddfe45-06cc-436b-b297-3c4f6b23aafb,Counseling,Brainstorm Consulting,Other,"[""Bangalore"", ""560001""]","10,000",6,21-09-2025,Immediate,"The Counseling Intern will provide support to our clients, gaining practical experience in the counseling field.",Assist senior counselors in preparing for client sessions; Conduct initial screenings and intake assessments under supervision; Help develop counseling materials and resources; Maintain confidential client records.,"Pursuing a degree in Psychology, Counseling, or a related field; Strong empathy and interpersonal skills; Excellent listening and communication abilities; A commitment to ethical and confidential practices.","['Counseling', 'Psychology', 'Client Assessment']",Internship Certificate; Flexible work hours; Professional supervision,2,hybrid,21-10-2025
b5eebad1-2082-4314-9d93-1d16473a81b3,Game Dev,UD studios,Technology,"[""Coimbatore"", ""641107""]","15,000",3,21-09-2025,Immediate,The Game Dev Intern will support the development of games using Unity and Blender.,Assist with game development tasks in the Unity engine; Create or modify 3D assets using Blender; Collaborate with the design and art teams to implement game features; Participate in testing and debugging game builds.,Experience with Unity and Blender; A strong passion for game development; A portfolio of game projects or 3D models is required; A creative and collaborative team player.,"['Unity', 'Blender', 'Game Development']",Internship with job offer; Mentorship from experienced game developers,2,hybrid,21-10-2025
b63e06af-e4d5-4aa2-b3cb-84453a94ec02,Content Writing,GreedyGame Media Private Limited,Technology,"[""Bangalore"", ""560001""]","30,000",3,21-09-2025,Immediate,The Content Writing Intern will create high-impact content for our ad-tech platform.,"Write creative and persuasive copy for our blog, website, and marketing campaigns; Manage and update content on our WordPress site; Collaborate on digital marketing and social media content strategies; Use MS-Word for drafting and editing.","Exceptional skills in creative writing, copywriting, and digital marketing; Experience with WordPress and social media marketing; A strong portfolio of engaging content; Ability to work in a fast-paced, 5-day-a-week environment.","['Social Media Marketing', 'WordPress', 'MS-Word', 'Digital Marketing', 'Creative Writing', 'Copywriting']",Letter of recommendation; Informal dress code; 5 days a week; Free snacks & beverages; High-impact role with a top stipend,1,onsite,21-10-2025
b6685335-8de1-4f33-9445-ed7e3a2d5e78,Angular Development,LocalRamu,Technology,"[""Bangalore"", ""560001""]","15,000",3,21-09-2025,Immediate,The Angular Development Intern will be responsible for building and maintaining the front-end of our web applications.,"Develop and implement user interfaces using modern Angular versions (Angular 2.0/7.0); Write clean, efficient, and reusable code with AngularJS; Collaborate with backend developers to integrate APIs; Ensure the best possible performance and responsiveness of applications.","Strong proficiency in Angular (AngularJS, Angular 2.0, Angular 7.0); A solid understanding of front-end development principles; A portfolio of Angular projects is highly desirable; A passionate and collaborative developer.","['AngularJS', 'Angular 2.0', 'Angular 7.0', 'Front-End Development']",Internship Certificate; Letter of recommendation; Flexible work hours; Informal dress code,1,hybrid,21-10-2025
b6f06ea3-8f30-41ec-9f55-c98ccc88b86b,Business Development (Sales),United Business,Other,"[""Bangalore"", ""560001""]","2,000",2,21-09-2025,Immediate,The Business Development (Sales) Intern will support our sales team with incentives for performance.,Assist with lead generation and prospecting activities; Make introductory calls and send emails to potential clients; Support the team in preparing for sales meetings; Learn about our products and services to effectively communicate their value.,Strong desire to pursue a career in sales; Excellent verbal communication skills; High energy and a positive attitude; Eagerness to learn and take initiative.,"['Sales', 'Lead Generation', 'Cold Calling']",Internship Certificate; Performance-based incentives,5,remote,21-10-2025
b753c77e-5242-4eea-b19c-ca675a62bf17,Digital Marketing,Global Shiksha India Private Limited,Education,"[""Bangalore"", ""560001""]","8,000",3,21-09-2025,Immediate,The Digital Marketing Intern will focus on paid advertising campaigns to promote our educational products.,"Assist in setting up and managing campaigns on Google AdWords, Facebook, and Instagram; Monitor ad performance and suggest optimizations; Help with A/B testing ad creatives and copy; Analyze campaign data to measure ROI.",Experience with Google AdWords and Facebook/Instagram Ads; Strong analytical skills and a data-driven mindset; Familiarity with digital marketing principles; Excellent attention to detail.,"['Google AdWords', 'Facebook Marketing', 'Instagram Marketing', 'Paid Advertising']",Internship Certificate; Hands-on experience with ad platforms,1,remote,21-10-2025
b7f1d790-f3aa-4f6f-a032-00298a25b7a1,Business Development (Sales),Hotkhana.com,Technology,"[""Delhi"", ""110001""]","10,000",6,21-09-2025,Immediate,"The Business Development (Sales) Intern will drive partnerships for our food delivery platform, with incentives.",Identify and reach out to new restaurant partners; Pitch our platform's benefits and negotiate partnership terms; Onboard new partners and ensure a smooth start; Work towards aggressive sales and growth targets.,A strong sales drive and excellent communication skills; A passion for the food and technology industry; A persistent and results-oriented attitude; Performance incentives are a key part of the role.,"['Sales', 'Partnership Management', 'Lead Generation']",Internship Certificate; Letter of recommendation; Performance incentives,2,onsite,21-10-2025
b872bc46-7982-4d5e-8b32-57beffd2efcc,Data Engineering,NUNAM (IMBUO EXPLORATION),Sustainability,"[""Bangalore"", ""560001""]","10,000",6,21-09-2025,Immediate,The Data Engineering Intern will work on building and maintaining our data pipelines for sustainable energy solutions.,"Develop and maintain data pipelines using SQL, PostgreSQL, and JavaScript; Work with Java and Hibernate for data application development; Assist with the design and implementation of our data infrastructure; Collaborate with data scientists and analysts.","Strong skills in JavaScript, SQL, and PostgreSQL; Experience with Hibernate (Java) is a plus; A passion for data engineering and sustainable technology; A problem-solver with strong analytical skills.","['JavaScript', 'SQL', 'PostgreSQL', 'Hibernate (Java)', 'Data Engineering']",Internship with job offer; Certificate; Letter of recommendation; Free snacks & beverages,1,onsite,21-10-2025
b8a1a360-e0bc-4d8d-bbc3-176c8890cee4,Product Management,CloudInfra,Technology,"[""Bangalore"", ""560001""]","20,000",6,21-09-2025,Immediate,The Product Management Intern will support the development and launch of our cloud infrastructure products.,Conduct market and user research to identify customer needs and pain points; Assist product managers in defining product requirements and roadmaps; Collaborate with engineering and design teams to build new features; Analyze product data to measure success and inform decisions.,"A strong interest in product management and cloud technology; Excellent analytical, problem-solving, and communication skills; A proactive and user-centric mindset; Pursuing a degree in a technical or business field.","['Product Management', 'Market Research', 'Data Analysis']",Internship Certificate; Informal dress code; 5 days a week; Free snacks & beverages; Competitive stipend,1,remote,21-10-2025
b97d9c14-e88c-4c11-8557-02c40217b944,Business Development (Sales),Farid Consultants,Other,"[""Bangalore"", ""560001""]","12,000",2,21-09-2025,Immediate,The Business Development (Sales) Intern will use digital marketing and Salesforce to drive our sales efforts.,Utilize digital marketing techniques to generate new leads; Manage and track leads and opportunities in Salesforce; Assist the sales team with client outreach and follow-ups; Analyze sales and marketing data to find insights.,Knowledge of digital marketing and Salesforce; Strong communication and sales skills; A proactive and target-oriented approach; Incentives are provided for good performance.,"['Digital Marketing', 'Salesforce', 'Lead Generation']",Internship with job offer; Certificate; Letter of recommendation; Performance incentives,2,onsite,21-10-2025
b996612c-cf02-4588-8f4d-1c11f4daecd5,Machine Learning,SocialComment Private Limited,Technology,"[""Delhi"", ""110001""]","5,000",1,21-09-2025,Immediate,This is a one-month Machine Learning Internship focused on developing and implementing ML models.,"Work on machine learning projects using Python; Assist with data collection, cleaning, and preprocessing; Help train and evaluate machine learning models; Collaborate with the engineering team on integrating ML features.",Strong proficiency in Python and machine learning concepts; A portfolio of ML projects (personal or academic) is required; A highly analytical and problem-solving mindset; Ability to contribute effectively in a short-term project.,"['Python', 'Machine Learning', 'Data Science']",Internship Certificate; Flexible work hours; Hands-on ML project experience,1,hybrid,21-10-2025
b9968ce7-4c4c-469e-88fa-d7c39ca79fea,Operations (Junior Assistant),Farmstruck Global Private Limited,Sustainability,"[""Bangalore"", ""560001""]","6,000",3,21-09-2025,Immediate,"The Operations (Junior Assistant) Intern will support our agri-tech operations, with a lump sum stipend.",Assist with daily operational tasks in our farm-to-business supply chain; Help coordinate logistics and deliveries; Support with documentation and record-keeping; Use photography to document products and processes.,A strong interest in agriculture and operations; Good organizational skills; Basic photography skills are a plus; A proactive and hands-on attitude.,"['Photography', 'Operations', 'Logistics', 'AgriTech']",Letter of recommendation; Lump sum stipend,1,hybrid,21-10-2025
b9bb0539-c01f-4a66-b2f2-2cb730e4b973,Journalism,Integrated Media,Other,"[""Delhi"", ""110001""]","2,000",6,21-09-2025,Immediate,"The Journalism Intern will gain hands-on experience in research, writing, and media production.",Research stories and conduct interviews for articles and reports; Write and edit news articles and other content with excellent English proficiency; Assist with the production of media content; Learn about the journalism industry from experienced professionals.,"A passion for journalism and storytelling; Excellent research, writing, and communication skills in English (spoken and written); A curious and proactive individual; Pursuing a degree in Journalism or a related field.","['English Proficiency (Spoken)', 'English Proficiency (Written)', 'Journalism', 'Research']",Internship Certificate; Letter of recommendation; Informal dress code,2,onsite,21-10-2025
b9bdce50-417d-440a-be31-2a588d5bfb6a,Marketing,Trupti Consultants,Other,"[""Bangalore"", ""560001""]","7,000",6,21-09-2025,Immediate,The Marketing Intern will support our marketing and sales efforts using Salesforce.,Assist with managing marketing campaigns and leads in Salesforce; Help create and execute marketing strategies; Analyze marketing data from Salesforce to generate insights; Support the team with client communication and reporting.,Experience or familiarity with Salesforce; A strong interest in a marketing career; Good analytical and communication skills; A proactive and organized approach.,"['Salesforce', 'Marketing Automation', 'Data Analysis']",Internship Certificate; Letter of recommendation,1,hybrid,21-10-2025
ba532911-f519-4a5c-b72b-edce448e7492,Data Engineering,Terra Economics Analysis Lab,Research,"[""Bangalore"", ""560001""]","8,000",3,21-09-2025,Immediate,The Data Engineering Intern will work on building and managing data pipelines for economic and environmental analysis.,"Develop data processing pipelines using Python, SQL, and PostgreSQL; Work in a Linux environment and use GitHub for version control; Assist with data modeling and machine learning tasks; A job offer is available for strong performers.","Strong skills in Python, Linux, SQL, and data structures; Familiarity with PostgreSQL, GitHub, statistical modeling, and machine learning; A passion for data and research; A highly analytical and collaborative individual.","['Python', 'Linux', 'SQL', 'Data Structures', 'Statistical Modeling', 'Machine Learning', 'PostgreSQL', 'GitHub']",Internship with job offer; Certificate; Letter of recommendation,1,onsite,21-10-2025
ba5627e9-880e-442c-b2b4-df527fe03a7b,Digital Marketing,YantroMitra Learning Technologies,Education,"[""Bangalore"", ""560001""]","2,000",5,21-09-2025,Immediate,The Digital Marketing Intern will help grow the online presence of our educational technology company.,Assist in creating and managing digital marketing campaigns; Help with social media management and content creation; Support SEO efforts to improve online visibility; Analyze marketing data to track performance.,A strong interest in digital marketing and EdTech; Good understanding of digital marketing channels; Creative and analytical skills; A proactive and collaborative team player.,"['Digital Marketing', 'SEO', 'Social Media Marketing']",Internship Certificate; Letter of recommendation; Flexible work hours,1,hybrid,21-10-2025
badaba5c-8d19-4da7-9e99-90c08f8a59a0,Lead Generation,SoftEzi Solutions Limited Liability Partnership,Technology,"[""Delhi"", ""110001""]","2,000",3,21-09-2025,Immediate,The Lead Generation Intern will focus on identifying and qualifying potential clients for our software solutions.,Research and identify potential leads through various online channels; Qualify leads based on our target customer profile; Support the sales team by providing a consistent pipeline of new leads; Maintain and update the lead database.,A strong interest in sales and marketing; Good research and analytical skills; A proactive and persistent approach; Excellent communication skills.,"['Lead Generation', 'Market Research', 'Sales Support']",Internship with job offer; Certificate; Flexible work hours; Informal dress code; 5 days a week,2,hybrid,21-10-2025
bbff2822-bf46-4fd1-b9f5-b4fc56da3732,Business Development (Sales),Rolla Online Institute,Education,"[""Bangalore"", ""560001""]","3,000",3,21-09-2025,Immediate,The Business Development (Sales) Intern will use digital marketing techniques to drive sales for our online courses.,"Execute digital marketing campaigns on Facebook, Instagram, and email; Generate and nurture leads for the sales funnel; Assist in creating marketing content to attract new students; Track and analyze campaign performance.","Knowledge of digital, Facebook, email, and Instagram marketing; Strong sales and communication skills; A target-driven and proactive approach; Creative and analytical mindset.","['Digital Marketing', 'Facebook Marketing', 'Email Marketing', 'Instagram Marketing']",Internship Certificate; Letter of recommendation; Flexible work hours,2,remote,21-10-2025
bc36b9b2-7a1a-441c-8111-2c0ca07c6060,Content Writing,MrStudyBuddy,Education,"[""Bangalore"", ""560001""]","8,000",3,21-09-2025,Immediate,The Content Writing Intern will create high-quality academic and creative content for our educational platform.,Write engaging and informative content for various subjects and grade levels; Develop creative writing pieces and formal reports; Proofread and edit content to ensure accuracy and clarity; Collaborate with the academic team on content development.,Excellent skills in creative writing and report writing; A strong command of the English language; A passion for education and content creation; A portfolio of your writing is required.,"['Creative Writing', 'Report Writing', 'Academic Writing']",Internship Certificate; Letter of recommendation; Informal dress code,1,onsite,21-10-2025
bc6fca6b-baa3-4cc1-a748-f543ae6c5fe2,Business Development (Sales),Intrisus Corporation,Technology,"[""Gurgaon"", ""122001""]","4,000",3,21-09-2025,Immediate,The Business Development (Sales) Intern will support our sales team with presentations and documentation.,"Use MS-Office (Word, PowerPoint) to create sales proposals and presentations; Assist with market research and identifying potential leads; Support the sales team with administrative and organizational tasks; A job offer is available for successful interns.","Proficiency in MS-Office, especially MS-Word and MS-PowerPoint; Good communication and organizational skills; An interest in a sales career in the technology sector; A proactive and detail-oriented team player.","['MS-Office', 'MS-Word', 'MS-PowerPoint', 'Sales Support']",Internship with job offer; Certificate; Letter of recommendation; Informal dress code; 5 days a week,1,remote,21-10-2025
bd93e56f-0fb0-4a66-9da3-6dc6d1a68546,Digital Marketing,Digibook Technologies Private Limited,Technology,"[""Bangalore"", ""560001""]","14,000",3,21-09-2025,Immediate,The Digital Marketing Intern will play a key role in our online marketing initiatives with a potential job offer.,"Assist in the planning and execution of digital marketing campaigns; Help manage social media, SEO/SEM, and email marketing activities; Analyze campaign performance and report on key metrics; Stay up-to-date with the latest digital marketing trends.",A solid understanding of digital marketing concepts; Strong analytical skills and familiarity with marketing tools; Excellent communication and teamwork abilities; A results-driven and proactive mindset.,"['Digital Marketing', 'SEO', 'SEM', 'Social Media Marketing']",Internship with job offer; 5 days a week; Competitive stipend,2,hybrid,21-10-2025
be101212-85b4-419c-99c3-ee8c6dd3133c,Event Management,CBS Innovations,Other,"[""Bangalore"", ""560001""]","8,000",1,21-09-2025,Immediate,The Event Management Intern will assist in the planning and execution of corporate and promotional events for one month.,"Support the event manager with logistics and vendor coordination; Assist with on-site event setup, execution, and breakdown; Help manage event budgets and timelines; Communicate with clients and attendees as needed.",Excellent organizational and multitasking skills; Ability to work effectively under pressure and meet deadlines; Strong communication and interpersonal skills; A passion for event planning.,"['Event Management', 'Vendor Coordination', 'Logistics']",Internship Certificate; Flexible work hours; Hands-on event experience,2,hybrid,21-10-2025
be82851a-f443-44ab-85e6-1a8dd323c930,Fashion Design,RR Lifestyles,Design,"[""Bangalore"", ""560001""]","6,000",6,21-09-2025,Immediate,The Fashion Design Intern will contribute to our design team using a range of creative software.,"Assist with designing new apparel collections; Use MS-Office, Adobe Photoshop, CorelDRAW, and Illustrator for design and presentation tasks; Support the team from concept development to sample creation; A job offer is available for strong performers.","Proficiency in MS-Office, Adobe Photoshop, CorelDRAW, and Adobe Illustrator; A creative portfolio showcasing your fashion design skills; A passion for fashion and a collaborative spirit; Eager to learn in a professional design environment.","['MS-Office', 'Adobe Photoshop', 'CorelDRAW', 'Adobe Illustrator', 'Fashion Design']",Internship with job offer; Certificate,2,remote,21-10-2025
bee3a66d-6715-4f9f-8bd8-7a18f856e32b,Business Development (Sales),INEL Power System Engineers,Manufacturing,"[""Bangalore"", ""560001""]","3,000",3,21-09-2025,Immediate,The Business Development (Sales) Intern will support sales and marketing efforts for power system products.,Assist with digital marketing and email marketing campaigns; Prepare sales documents using MS-Word and MS-Excel; Communicate with potential clients in English and Kannada; Help identify new sales leads and opportunities.,Knowledge of digital and email marketing; Proficiency in MS-Word and MS-Excel; Strong spoken English and Kannada; A keen interest in sales and engineering.,"['MS-Word', 'Digital Marketing', 'Email Marketing', 'MS-Excel', 'English Proficiency (Spoken)', 'Kannada Proficiency (Spoken)']",Internship with job offer; Certificate; Letter of recommendation; 5 days a week; Free snacks & beverages,2,hybrid,21-10-2025
bf7a661a-04f5-47e5-9790-fcaa5a104035,Telecalling,GiveIndia,Other,"[""Chennai"", ""600001""]","5,000",2,21-09-2025,Immediate,The Telecalling Intern will support our fundraising efforts by engaging with potential donors.,"Make outbound calls to prospective donors to explain our mission and fundraising campaigns; Communicate effectively and empathetically with excellent English proficiency; Maintain a record of calls and donor information; Work in a structured, 5-day-a-week environment.","Excellent spoken and written English; A clear, confident, and compassionate communication style; A passion for social impact and contributing to a non-profit; A resilient and goal-oriented individual.","['English Proficiency (Spoken)', 'English Proficiency (Written)', 'Telecalling', 'Fundraising']",Internship Certificate; Letter of recommendation; 5 days a week,5,hybrid,21-10-2025
c06be496-837b-4cec-a007-ae2fb744b3c2,Java Development,Interview Cracker,Education,"[""Bangalore"", ""560001""]","25,000",6,21-09-2025,Immediate,The Java Development Intern will work on building and enhancing our educational platform.,"Develop and maintain backend services and applications using Java; Write high-quality, scalable, and maintainable code; Collaborate with a team of experienced developers in an agile environment; Participate in all phases of the development lifecycle, from design to deployment.",Strong programming skills in Java; A solid understanding of software engineering principles and data structures; A passion for building robust and scalable applications; Eagerness to learn and take on new challenges.,"['Java', 'Backend Development', 'Software Engineering']",Internship Certificate; Flexible work hours; Top-tier stipend,1,onsite,21-10-2025
c07ce7ce-89bc-4054-9892-3bdbccd53e95,Technical Patent Analysis,IPexcel Services Private Limited,Other,"[""Bangalore"", ""560001""]","10,000",3,21-09-2025,Immediate,"The Technical/Patent Analysis Intern will work at the intersection of technology, law, and creative writing.",Conduct research and analysis of technical patents; Write creative and analytical reports on emerging technologies like IoT and data analytics; Communicate technical concepts clearly in spoken and written English; Learn about intellectual property and patent law.,"A strong technical background with an interest in data analytics and IoT; Excellent creative writing and spoken English skills; A highly analytical and curious mindset; Ability to work in a structured, 5-day-a-week role.","['Digital Signal Processing', 'Data Analytics', 'Creative Writing', 'Internet of Things (IoT)', 'English Proficiency (Spoken)']",Internship with job offer; Certificate; Letter of recommendation; Flexible work hours; Informal dress code; 5 days a week,2,remote,21-10-2025
c0f64197-d490-4245-befe-2e6d6ea7bd7a,Web Development,InvestSaathi Financial Services Private Limited,Finance,"[""Bangalore"", ""560001""]","7,000",3,21-09-2025,Immediate,The Web Development Intern will work on our FinTech platform using a modern JavaScript and Python stack.,"Develop and maintain web applications using Python, JavaScript, and Node.js; Integrate with Firebase for backend services and database management; Collaborate with the team on building and improving our platform; Work in an informal and innovative environment.","Proficiency in JavaScript, Python, and Node.js; Experience with Firebase is a strong plus; An interest in financial technology and building user-friendly products; A collaborative and problem-solving mindset.","['JavaScript', 'Python', 'Node.js', 'Firebase', 'FinTech']",Internship Certificate; Letter of recommendation; Informal dress code,1,onsite,21-10-2025
c145b926-be06-4ca4-8159-02eeccf50b68,Mechanical Engineering,Lee Spring Company India Private Limited,Manufacturing,"[""Bangalore"", ""560001""]","8,000",3,21-09-2025,Immediate,The Mechanical Engineering Intern will gain hands-on experience in the design and manufacturing of springs.,Assist engineers with product design and development tasks; Support the manufacturing process and quality control checks; Learn to use engineering software and tools; Help with technical documentation and reports.,Currently pursuing a degree in Mechanical Engineering; A strong interest in design and manufacturing; A proactive and hands-on approach to learning; Good analytical and problem-solving skills.,"['Mechanical Engineering', 'Manufacturing', 'Product Design']",Internship Certificate; Practical engineering experience,1,remote,21-10-2025
c15879a1-5927-489f-8f10-be1337659a86,Business Development (Sales),Woodenstreet Furniture,Design,"[""Bangalore"", ""560001""]","15,000",6,21-09-2025,Immediate,"The Business Development (Sales) Intern will drive sales for our online furniture brand, with the prospect of a job offer.",Engage with customers to understand their needs and recommend products; Follow up on sales leads and close deals; Provide excellent customer service to ensure satisfaction; Meet and exceed sales targets.,A passion for sales and interior design; Excellent communication and persuasion skills; Customer-oriented and results-driven; Previous sales or retail experience is a plus.,"['Sales', 'Customer Relationship Management', 'Retail']",Internship with job offer; Competitive stipend; Training provided,3,remote,21-10-2025
c1656288-b7ce-45b4-b3c4-849fdfdf188c,Digital Marketing,LeadStrategus,Technology,"[""Bangalore"", ""560001""]","20,000",3,21-09-2025,Immediate,"The Digital Marketing Intern will work on a full range of marketing activities, including UI/UX design aspects.","Execute digital marketing campaigns on social media (Facebook, Instagram); Contribute to UI & UX design discussions for our marketing assets; Analyze campaign performance and optimize for conversions; Collaborate on overall marketing strategy.","Broad skills in digital marketing, including social media; An eye for UI & UX design; A data-driven and creative mindset; A job offer is available for successful interns.","['Social Media Marketing', 'Digital Marketing', 'Facebook Marketing', 'UI & UX Design', 'Instagram Marketing']",Internship with job offer; Certificate; Letter of recommendation; Flexible work hours; Informal dress code; Competitive stipend,1,hybrid,21-10-2025
c1b3fbff-31fa-4123-931d-efd8ec07bad7,Client Servicing,Mind Fleck Private Limited,Technology,"[""Bangalore"", ""560001""]","10,000",3,21-09-2025,Immediate,"The Client Servicing Intern will be the main point of contact for our clients, ensuring their needs are met.","Build and maintain strong relationships with clients; Understand client requirements and communicate them to the internal team; Provide timely support and updates to clients; Work in a professional, 5-day-a-week environment.",Excellent client relationship and communication skills; A professional and customer-centric attitude; Strong organizational and problem-solving abilities; A proactive and collaborative team member.,"['Client Relationship', 'Customer Service', 'Communication']",Internship Certificate; Letter of recommendation; 5 days a week,1,remote,21-10-2025
c2402600-f8c2-48a1-9f10-b1fd8f107901,Field Visit Site Visit,Biltrax Construction Data,Manufacturing,"[""Gurgaon"", ""122001""]","8,000",1,21-09-2025,Immediate,"This is a two-week Field/Site Visit Internship to collect data for our construction data platform, with weekly pay and incentives.","Visit construction sites to gather and verify project data; Collect information as per the company's requirements; Ensure the accuracy and completeness of the collected data; This is a short-term, field-based role.",A proactive and reliable individual comfortable with fieldwork; Good observation and communication skills; Ability to travel to different sites within the city; An interest in the construction industry.,"['Field Work', 'Data Collection', 'Construction']",Internship Certificate; Weekly stipend plus incentives,2,onsite,05-10-2025
c2ce786a-6522-402a-bc06-24c35d42c6a0,Mobile App Development,TheIndianMom,Other,"[""Delhi"", ""110001""]","2,000",2,21-09-2025,Immediate,The Mobile App Development Intern will work on our native Android app using Java and Kotlin.,Develop and maintain features for our Android application; Write clean and efficient code in Java and Kotlin; Collaborate with the team on app design and functionality; Assist with testing and bug fixing.,Proficiency in Java and Kotlin for Android development; A portfolio of personal or academic Android projects; A passion for mobile development; A good team player and a quick learner.,"['Java', 'Kotlin', 'Android', 'Mobile App Development']",Internship Certificate; Letter of recommendation; Flexible work hours; Informal dress code; 5 days a week,1,onsite,21-10-2025
c2eeee9f-286f-49b9-a03d-b9ce2c6ded1e,Architect Trainee,Enhancer Solutions Private Limited,Design,"[""Delhi"", ""110001""]","5,000",6,21-09-2025,Immediate,The Architect Trainee will gain practical experience by supporting our architecture and design projects.,Assist senior architects with design development and drafting; Help prepare architectural drawings and documents; Work with design software under supervision; Participate in team meetings and site visits.,Currently enrolled in an Architecture degree program; A strong desire to learn and develop architectural skills; Familiarity with CAD software is an advantage; A good team player with a strong work ethic.,"['Architecture', 'CAD', 'Drafting']",Internship Certificate; Letter of recommendation; Flexible work hours,2,onsite,21-10-2025
c3d0fd60-dc1d-4776-8c4f-1ad0004b4cf9,Digital Marketing,Deepak Menon,Other,"[""Bangalore"", ""560001""]","5,000",6,21-09-2025,Immediate,The Digital Marketing Intern will manage and execute online marketing strategies.,Develop and implement social media and digital marketing campaigns; Communicate effectively in English with our online audience; Analyze campaign performance and provide reports; Work in a flexible and informal environment.,A solid understanding of digital and social media marketing; Excellent spoken and written English; A self-motivated and creative individual; Ability to work independently with flexible hours.,"['Social Media Marketing', 'Digital Marketing', 'English Proficiency (Spoken)', 'English Proficiency (Written)']",Internship Certificate; Letter of recommendation; Flexible work hours; Informal dress code; 5 days a week,1,onsite,21-10-2025
c46d9e3f-b9a5-4e05-ba69-8b1bbce3144f,Data Entry,Cloud Incorporated,Technology,"[""Bangalore"", ""560001""]","5,000",1,21-09-2025,Immediate,This is a one-month Data Entry Internship focused on accuracy and efficiency.,Enter and update data in our databases and systems; Verify data for accuracy and completeness; Maintain data confidentiality; Follow data entry procedures and guidelines.,Fast and accurate typing skills; High attention to detail; Proficiency with computers and data entry software; A reliable and focused work ethic.,"['Data Entry', 'Typing', 'MS-Excel']",Internship Certificate; Informal dress code; 5 days a week,3,hybrid,21-10-2025
c5d2a29b-171d-43d2-a5e9-e0599db22986,Business Development (Sales),Shriram Properties Limited,Other,"[""Chennai"", ""600001""]","10,000",3,21-09-2025,Immediate,"The Business Development (Sales) Intern will support our real estate sales team, with a potential job offer.",Assist with generating leads for our property portfolio; Follow up with potential buyers and schedule site visits; Support the sales team with documentation and closing processes; Learn about the real estate market and effective sales strategies.,"A strong interest in a sales career, particularly in real estate; Excellent communication and interpersonal skills; A customer-focused and results-driven attitude; Eager to learn and contribute to the team.","['Sales', 'Lead Generation', 'Real Estate']",Internship with job offer; Certificate; Hands-on sales experience,3,remote,21-10-2025
c5ec2829-b355-4888-b576-52415ae59902,Technical Field Support,Innomonk Technologies Private Limited,Technology,"[""Bangalore"", ""560001""]","9,000",6,21-09-2025,Immediate,The Technical Field Support Intern will be responsible for providing on-site technical assistance to our clients.,"Travel to client locations to install, configure, and troubleshoot our hardware and software; Provide on-site technical support and training to users; Document service and installation actions by completing forms and reports; Maintain a high level of customer satisfaction.",A strong technical aptitude and hands-on problem-solving skills; Excellent communication and customer service skills; Willingness to travel to client sites; An interest in a field support engineering role.,"['Field Support', 'Technical Support', 'Troubleshooting']",Internship Certificate; Letter of recommendation,1,onsite,21-10-2025
c68497b1-9390-4223-9fc4-95f4b1a9eca2,Teaching,YantroMitra Learning Technologies,Education,"[""Hubli"", ""580020""]","10,000",3,21-09-2025,Immediate,The Teaching Intern will focus on teaching C Programming to our students.,"Conduct online or in-person classes on C Programming concepts; Develop lesson plans, assignments, and teaching materials; Provide guidance and support to students to help them master the language; Evaluate student progress and provide feedback.",Expert knowledge of C Programming; A passion for teaching and mentoring; Excellent communication and explanation skills; Patience and a supportive attitude towards learners.,"['C Programming', 'Teaching', 'Mentoring']",Internship Certificate; Letter of recommendation; Flexible work hours,1,remote,21-10-2025
c73057c4-5ce5-4a2e-8088-517ebec23281,Business Development (Sales),Exygo,Technology,"[""Visakhapatnam"", ""530001""]","6,000",3,21-09-2025,Immediate,The Business Development (Sales) Intern will drive client acquisition in a multilingual environment.,"Communicate with potential clients in English and Hindi to promote our services; Build and maintain a sales pipeline; Follow up on leads and work towards sales targets; Work in a flexible, 5-day-a-week schedule.",Excellent spoken and written English and spoken Hindi; A strong aptitude for sales and communication; A proactive and self-motivated individual; Eager to learn and grow in a sales role.,"['English Proficiency (Spoken)', 'English Proficiency (Written)', 'Hindi Proficiency(Spoken)', 'Sales']",Internship Certificate; Letter of recommendation; Flexible work hours; 5 days a week,1,hybrid,21-10-2025
c8021401-a678-4871-879a-ec5715710d34,Market Research,Neebal Technologies Private Limited,Technology,"[""Ahmedabad"", ""380001""]","5,000",1,21-09-2025,Immediate,"This is a one-month Market Research Internship to identify opportunities for our technology solutions, with incentives.",Conduct primary and secondary research on target markets and industries; Analyze competitors and market trends; Prepare research reports and presentations with actionable insights; Support the business development team with research findings.,"Strong research and analytical skills; Excellent written and communication abilities; A curious and detail-oriented mindset; This is a short-term, incentive-driven role.","['Market Research', 'Competitive Analysis', 'Data Analysis']",Internship Certificate; Letter of recommendation; Flexible work hours; Informal dress code; Performance incentives,1,hybrid,21-10-2025
c8729c79-6758-4709-b058-fe17f0e2bf8f,Web Development,FirstHive,Technology,"[""Bangalore"", ""560001""]","15,000",6,21-09-2025,Immediate,The Web Development Intern will work on our customer data platform using core web technologies.,"Develop and maintain backend services and APIs using PHP and MySQL; Create and update front-end components with HTML; Collaborate with the engineering team on building and scaling our platform; Write clean, efficient, and well-tested code.","Strong proficiency in PHP, MySQL, and HTML; A solid understanding of web development and database concepts; A passion for building data-driven applications; A problem-solver with good communication skills.","['PHP', 'MySQL', 'HTML', 'Backend Development']",Internship Certificate; Competitive stipend; Experience with a customer data platform,1,onsite,21-10-2025
c88f0f3c-c789-4f2b-8212-6d7472e98e52,Pharmacist,Netmeds Marketplace Limited,Healthcare,"[""Bangalore"", ""560001""]","7,000",6,21-09-2025,Immediate,The Pharmacist Intern will gain practical experience in a leading online pharmacy.,Assist licensed pharmacists in dispensing and verifying prescriptions; Provide support for customer inquiries about medications; Help with inventory management and control of pharmaceutical products; Learn about pharmacy operations and regulations.,Pursuing or recently completed a degree in Pharmacy (B.Pharm/D.Pharm); A strong foundation in chemistry and pharmacology; A detail-oriented and responsible approach; Good communication skills.,"['Chemistry', 'Pharmacy', 'Pharmacology']",Internship with job offer; Performance incentives; Experience in a leading e-pharmacy,3,hybrid,21-10-2025
c937c816-7dcb-447f-b259-2fb7e1822092,Content Writing,Duru Cooperation Private Limited,Other,"[""Bangalore"", ""560001""]","25,000",6,21-09-2025,Immediate,The Content Writing Intern will be responsible for creating high-quality written content for various business needs.,"Research and write articles, blog posts, and website content; Create compelling copy for marketing and promotional materials; Proofread and edit content to ensure high quality and accuracy; Collaborate with other teams to develop content strategies.","Excellent writing, editing, and proofreading skills; Ability to research and write on diverse topics; A strong portfolio of written work; A degree in English, Journalism, or a related field is preferred.","['Content Writing', 'Copywriting', 'SEO Writing']",Internship Certificate; Competitive stipend; Professional writing experience,1,onsite,21-10-2025
c97eb2d6-b1bc-4ea4-a1b2-51edfcd6355b,Marketing,SUN Mobility,Sustainability,"[""Bangalore"", ""560001""]","15,000",6,21-09-2025,Immediate,The Marketing Intern will support our marketing initiatives to promote sustainable urban mobility solutions.,"Assist in developing and executing marketing campaigns for our EV battery-swapping network; Create content for various marketing channels, including digital and print; Conduct market research on the EV industry and competitors; Help organize and promote marketing events.","A strong interest in marketing and sustainable technology; Excellent communication and content creation skills; A creative and analytical mindset; Ability to work in an informal, innovative environment.","['Marketing', 'Content Creation', 'Market Research']",Internship Certificate; Flexible work hours; Informal dress code; Work in the EV industry,2,onsite,21-10-2025
c9a33119-3157-4893-a046-8e836031856e,Marketing,Digital Vakil,Other,"[""Bangalore"", ""560001""]","5,000",2,21-09-2025,Immediate,The Marketing Intern will drive client acquisition for our digital legal services in a multilingual environment.,"Promote our services to potential clients, communicating in English, Hindi, and Kannada; Assist with marketing campaigns and lead generation; Learn about accounting and legal services marketing; Work towards sales targets with incentives.","Excellent spoken proficiency in English, Hindi, and Kannada; A strong interest in marketing and sales; Basic understanding of accounting is a plus; A confident and results-driven attitude.","['Accounting', 'English Proficiency (Spoken)', 'Hindi Proficiency (Spoken)', 'Kannada Proficiency (Spoken)']",Internship with job offer; Certificate; Performance incentives,1,onsite,21-10-2025
c9c0df33-0afc-41cb-8c58-2ada1561ddfc,Social Media Marketing,STEM SHOP STORE,Education,"[""Delhi"", ""110001""]","15,000",3,21-09-2025,Immediate,The Social Media Marketing Intern will manage our online presence using a diverse set of creative and technical skills.,"Develop and implement social media and digital marketing strategies; Create visually appealing content with Adobe Photoshop, Illustrator, and Creative Suite; Write engaging and creative copy for posts and articles; Implement SEO best practices to increase visibility.","Strong skills in digital marketing, SEO, and social media; Proficiency in Adobe Creative Suite (Photoshop, Illustrator); Excellent creative writing and communication skills; Basic knowledge of HTML is a plus.","['HTML', 'Adobe Photoshop', 'Adobe Illustrator', 'Digital Marketing', 'Adobe Creative Suite', 'Search Engine Optimization (SEO)', 'Creative Writing']",Internship Certificate; Letter of recommendation; Flexible work hours; Informal dress code,1,remote,21-10-2025
cafa9ac6-7c83-4a4f-ba6c-8d8abac4acdd,Operations,WEBUZZ,Technology,"[""Bangalore"", ""560001""]","7,000",4,21-09-2025,Immediate,The Operations Intern will support our digital agency's daily processes and project management.,"Use MS-Office to manage project schedules, resources, and reports; Assist in coordinating tasks between team members and clients; Help ensure projects are delivered on time and meet quality standards; Support the operations manager with administrative tasks.",Proficiency in MS-Office; Excellent organizational and time management skills; Strong communication and teamwork abilities; A proactive and detail-oriented mindset.,"['MS-Office', 'Project Coordination', 'Operations']",Internship with job offer; Certificate; Letter of recommendation; Informal dress code; 5 days a week; Free snacks & beverages,1,hybrid,21-10-2025
cb185dc4-1f7d-469e-8b1c-0fdabe2d6126,Business Development (Sales),Jinoy Dave,Design,"[""Ahmedabad"", ""380001""]","5,000",2,21-09-2025,Immediate,"The Business Development (Sales) Intern will drive client acquisition for our creative design services, with incentives and a job offer.",Identify and contact potential clients for our design and animation services; Follow up on leads and schedule meetings; Assist with preparing proposals and presentations; This role is incentive-driven with a job offer for top performers.,A passion for sales and the creative industries; Excellent communication and interpersonal skills; A self-motivated and results-driven attitude; Eager to learn and grow in a creative environment.,"['Sales', 'Lead Generation', 'Client Acquisition']",Internship with job offer; Certificate; Letter of recommendation; Informal dress code; Free snacks & beverages; Performance incentives,1,hybrid,21-10-2025
cb20eaea-c9d8-4915-bdc4-354e77cc7ce7,Business Development (Sales),Team Works,Other,"[""Bangalore"", ""560001""]","5,000",3,21-09-2025,Immediate,The Business Development (Sales) Intern will drive sales with incentives and a potential job offer.,Reach out to potential clients to promote our services; Communicate effectively in English to build relationships and close deals; Follow up on leads and manage the sales pipeline; Work towards achieving sales targets.,Excellent written and spoken English; A strong aptitude for sales and negotiation; A confident and results-driven personality; This role is incentive-driven with a job offer for top performers.,"['English Proficiency (Spoken)', 'English Proficiency (Written)', 'Sales', 'Negotiation']",Internship with job offer; Certificate; Letter of recommendation; Flexible work hours; Informal dress code; Performance incentives,2,hybrid,21-10-2025
cbbdbd92-1dce-40ea-abbc-deddf2c926e7,Chartered Accountancy (CA),Swadhin Chhajed,Finance,"[""Bangalore"", ""560001""]","10,000",3,21-09-2025,Immediate,The Chartered Accountancy (CA) Intern will gain practical experience in various aspects of accounting and audit.,"Assist with accounting, bookkeeping, and preparation of financial statements; Support the team with audit and taxation related tasks; Learn to use accounting software and tools; Gain hands-on experience in a professional CA firm.",Currently pursuing Chartered Accountancy or a related degree; A strong foundation in accounting principles; An analytical and detail-oriented mindset; Eager to learn and apply theoretical knowledge.,"['Accounting', 'Audit', 'Taxation']",Internship Certificate; Practical CA firm experience,2,onsite,21-10-2025
ce9bfa3b-7a8b-4446-a2cb-01833b158f21,BPO (Voice Process),My Vacala Private Limited,Other,"[""Bangalore"", ""560001""]","5,000",2,21-09-2025,Immediate,The BPO (Voice Process) Intern will handle customer interactions in a professional voice process environment.,"Make and receive calls to/from customers to address their inquiries; Provide information and resolve issues according to guidelines; Use MS-Office and MS-Excel to log call information; Work in a structured, 5-day-a-week environment.",Excellent verbal communication skills; A clear and professional speaking voice; Proficiency in MS-Office and MS-Excel; A customer-oriented and patient attitude.,"['MS-Office', 'MS-Excel', 'Voice Process', 'Customer Service']",Internship Certificate; Flexible work hours; 5 days a week,3,onsite,21-10-2025
ceaea4c4-fb4d-4105-94e4-edcd218d8744,Architecture,Buildcom,Manufacturing,"[""Bangalore"", ""560001""]","5,000",2,21-09-2025,Immediate,The Architecture Intern will work on a variety of design and visualization tasks using professional software.,Create architectural drawings with AutoCAD and Autodesk Revit; Develop 3D models and renderings with Google SketchUp and 3ds Max; Use Adobe Photoshop for post-production and presentations; A job offer is available for strong performers.,"Expertise in a wide range of architectural software (AutoCAD, Revit, SketchUp, 3ds Max, Photoshop); A strong design portfolio; A creative and technically proficient individual; A collaborative team player with a passion for architecture.","['AutoCAD', 'Adobe Photoshop', 'Autodesk Revit', 'Google SketchUp', '3ds Max']",Internship with job offer; Certificate; Letter of recommendation; Flexible work hours; Informal dress code; 5 days a week; Free snacks & beverages,1,onsite,21-10-2025
cf5c1ae2-09b2-43ec-abe8-1cf13e4f4f12,Videography,Evineon Technologies,Technology,"[""Bangalore"", ""560001""]","13,000",3,21-09-2025,Immediate,The Videography Intern will be responsible for shooting and editing video content for our technology company.,"Plan, shoot, and edit high-quality videos for marketing, tutorials, and events; Create motion graphics and visual effects using Adobe After Effects; Use Adobe Photoshop for creating video thumbnails and graphics; Manage video projects from concept to completion.","Strong skills in photography, videography, and video editing; Proficiency in Adobe After Effects and Adobe Photoshop; A creative portfolio showcasing your video work; A passion for visual storytelling and technology.","['Adobe Photoshop', 'Photography', 'Adobe After Effects', 'Videography']",Internship Certificate; Competitive stipend; Creative project opportunities,1,hybrid,21-10-2025
cf96cb0e-c6f2-4af0-aa7a-6de14ce8cfe0,Supply Coordination,Anthill Creations,Other,"[""Bangalore"", ""560001""]","15,000",3,21-09-2025,Immediate,The Supply Coordination Intern will be responsible for managing the supply chain for our playground and public space projects.,Source and procure materials required for our projects; Coordinate with vendors and suppliers to ensure timely delivery; Manage inventory and track material costs; Ensure all materials meet quality standards.,Excellent organizational and coordination skills; Strong negotiation and communication abilities; A proactive problem-solver with a hands-on approach; An interest in social enterprise and community projects.,"['Supply Chain', 'Procurement', 'Vendor Management']",Internship Certificate; Work with a social impact organization,1,remote,21-10-2025
d1a36abf-458e-4a44-b176-280d001db3b9,Communications,GiveIndia,Other,"[""Chennai"", ""600001""]","5,000",2,21-09-2025,Immediate,The Communications Intern will support our non-profit's communication efforts to engage with donors and stakeholders.,"Assist in drafting and editing content for newsletters, reports, and social media; Ensure clear and consistent messaging with excellent English proficiency; Support media outreach and public relations activities; Work in a structured, 5-day-a-week environment.",Excellent spoken and written English; A passion for communication and social impact; Strong organizational and interpersonal skills; A proactive and collaborative team member.,"['English Proficiency (Spoken)', 'English Proficiency (Written)', 'Communications', 'Public Relations']",Internship Certificate; Letter of recommendation; 5 days a week,2,onsite,21-10-2025
d24b79d0-d07d-4965-af10-ef82d0b34ebd,Market Research (BE+MBA),Ideapoke Technologies Private Limited,Technology,"[""Bangalore"", ""560001""]","8,000",3,21-09-2025,Immediate,"This Market Research internship is for candidates with a BE+MBA background, focusing on technology and client relations.",Conduct in-depth market research on emerging technologies and industries; Build relationships with clients to understand their research needs; Use digital marketing techniques to promote research findings; Analyze data and present insights to stakeholders.,"A background in both Engineering (BE) and Business (MBA); Strong skills in market research, digital marketing, and client relationship management; Excellent analytical and communication skills; Ability to work in a 5-day-a-week professional environment.","['Digital Marketing', 'Client Relationship', 'Market Research', 'Technology Analysis']",Internship Certificate; Letter of recommendation; 5 days a week,1,onsite,21-10-2025
d286f8cc-a8ca-41b7-9523-f723c752c8b8,Project Management,Anthill Creations,Other,"[""Bangalore"", ""560001""]","15,000",3,21-09-2025,Immediate,The Project Management Intern will assist in managing our projects to build playgrounds and community spaces.,"Support project managers in planning, executing, and closing projects; Track project timelines, budgets, and deliverables; Coordinate with on-ground teams, volunteers, and community stakeholders; Help ensure projects are completed successfully and have a positive impact.",Strong project management and organizational skills; Excellent communication and leadership abilities; A passion for social impact and community development; A proactive and collaborative team player.,"['Project Management', 'Community Development', 'Coordination']",Internship Certificate; Hands-on project management experience in the social sector,1,hybrid,21-10-2025
d29fda2d-1a1c-4794-80c4-0d841358585e,Marketing,Samosa Party Foods Private Limited,Other,"[""Bangalore"", ""560001""]","5,000",3,21-09-2025,Immediate,The Marketing Intern will support the growth of our popular food brand.,Assist with on-ground and digital marketing campaigns; Use MS-Excel to track and analyze marketing data; Communicate effectively in English with partners and customers; Help create marketing content and promotional materials.,Proficiency in MS-Excel; Excellent spoken and written English; A passion for food and marketing; A creative and enthusiastic team player.,"['MS-Excel', 'English Proficiency (Spoken)', 'English Proficiency (Written)', 'Marketing']",Internship with job offer; Certificate; Letter of recommendation; Flexible work hours; Informal dress code; Free snacks & beverages,2,remote,21-10-2025
d4840de6-0306-445b-881f-b0dcc408d328,Graphic Design,Lumbermantech Furnitures Private Limited,Design,"[""Bangalore"", ""560001""]","6,000",2,21-09-2025,Immediate,The Graphic Design Intern will create visual content for our furniture brand.,"Design graphics for our website, social media, and marketing materials; Use Adobe Photoshop and CorelDRAW to create high-quality visuals; Collaborate with the marketing team on creative campaigns; Ensure all designs align with our brand's aesthetic.",Proficiency in Adobe Photoshop and CorelDRAW; A strong portfolio showcasing creative design skills; An interest in furniture and interior design; Ability to work in a 5-day-a-week schedule.,"['Adobe Photoshop', 'CorelDRAW', 'Graphic Design']",Internship with job offer; Certificate; Letter of recommendation; Informal dress code; 5 days a week,1,onsite,21-10-2025
d4ae0479-3017-4d61-87d8-fb67778bed5f,Video Editing & VFX,UnDiabetes,Healthcare,"[""Bangalore"", ""560001""]","10,000",6,21-09-2025,Immediate,The Video Editing & VFX Intern will create high-quality video content for our health-tech platform.,Edit and produce videos using Adobe Premiere Pro and After Effects; Create visual effects and motion graphics to enhance video content; Use Adobe Photoshop and Illustrator for creating video assets; A job offer is available for talented interns.,Strong expertise in video editing and VFX with Adobe Premiere Pro and After Effects; Proficiency in Adobe Photoshop and Illustrator; A creative portfolio showcasing your video and VFX work; A passion for health and visual storytelling.,"['Adobe Photoshop', 'Adobe Illustrator', 'Adobe Premiere Pro', 'Adobe After Effects', 'Video Editing', 'VFX']",Internship with job offer; Certificate; Letter of recommendation; Informal dress code; Free snacks & beverages,1,remote,21-10-2025
d50fb36a-ddb5-4aa6-a9f9-8e82ca957899,Business Development (Sales),UCPro LLP,Technology,"[""Bangalore"", ""560001""]","6,000",6,21-09-2025,Immediate,The Business Development (Sales) Intern will support our sales team with client communication and data management.,"Communicate with potential and existing clients with excellent English proficiency; Use MS-Excel to track sales leads and manage data; Assist with preparing sales reports and materials; Work in a professional, 5-day-a-week environment.",Excellent spoken and written English; Strong proficiency in MS-Excel; Good interpersonal and organizational skills; A proactive and detail-oriented individual.,"['MS-Excel', 'English Proficiency (Spoken)', 'English Proficiency (Written)', 'Sales Support']",Internship Certificate; Letter of recommendation; Informal dress code; 5 days a week,1,remote,21-10-2025
d615cbe6-ef7e-42d7-9aaf-fc76e8ea03da,Marketing,GetInHours,Other,"[""Kolkata"", ""700001""]","3,000",1,21-09-2025,Immediate,"This is a one-month Marketing Internship with a focus on lead generation and outreach, with incentives.",Assist with identifying and contacting potential customers; Support the execution of marketing campaigns; Help track and report on marketing activities; Learn about marketing strategies in a fast-paced environment.,A strong interest in a marketing career; Excellent communication skills; A proactive and results-driven attitude; This role includes performance-based incentives.,"['Marketing', 'Lead Generation', 'Sales']",Internship Certificate; Performance incentives,2,remote,21-10-2025
d683e82b-f964-4f50-98dd-15bc0607358d,Operations,Rolla Online Institute,Education,"[""Bangalore"", ""560001""]","3,000",3,21-09-2025,Immediate,The Operations Intern will support the smooth functioning of our online educational institute.,Assist with student enrollment and course scheduling; Help manage our learning management system (LMS); Provide operational support to instructors and students; Contribute to improving operational processes.,Excellent organizational and administrative skills; Strong attention to detail; Good communication abilities; Comfortable working with technology and online platforms.,"['Operations Management', 'Administrative Support', 'LMS']",Internship Certificate; Letter of recommendation; Flexible work hours,1,hybrid,21-10-2025
d688b64f-4007-460d-a5a8-3722ffe2d369,Graphic Design,Rovia Solutions,Technology,"[""Bangalore"", ""560001""]","6,000",3,21-09-2025,Immediate,"The Graphic Design Intern will create a variety of visual content, including animations and videos.","Design graphics for social media and marketing using Adobe Photoshop and CorelDRAW; Create and edit videos and simple animations; Collaborate with the marketing team on visual strategies; Work in a creative, 5-day-a-week environment.","Strong skills in Adobe Photoshop, CorelDRAW, video editing, and animation; A portfolio showcasing your design and motion graphics work; A creative and collaborative mindset; Familiarity with social media marketing.","['Social Media Marketing', 'Adobe Photoshop', 'CorelDRAW', 'Video Editing', 'Animation']",Internship Certificate; Letter of recommendation; Flexible work hours; Informal dress code; 5 days a week; Free snacks & beverages,1,onsite,21-10-2025
d68da168-adfb-42a0-aeaa-e91a0168a350,UX Design,WizKlub,Education,"[""Bangalore"", ""560001""]","10,000",3,21-09-2025,Immediate,The UX Design Intern will focus on creating intuitive and effective user experiences for our learning platform.,"Conduct user research to understand student and parent needs; Create wireframes, user flows, and prototypes to communicate design ideas; Collaborate with developers and product managers; Use Adobe Photoshop and Illustrator for design tasks.",A strong interest in UX design and user-centered thinking; Proficiency in Adobe Photoshop and Adobe Illustrator; A portfolio showcasing UX projects or concepts; Good communication and analytical skills.,"['Adobe Photoshop', 'Adobe Illustrator', 'UX Design', 'User Research']",Internship Certificate; Experience in an EdTech startup,1,remote,21-10-2025
d6aa4036-8b7c-43e0-88e8-657cac1b7efc,Human Resources (HR),DESIGNCAFE,Design,"[""Bangalore"", ""560001""]","15,000",3,21-09-2025,Immediate,The Human Resources (HR) Intern will support our HR team with data analysis and reporting.,"Use MS-Excel to manage and analyze HR data, such as recruitment and employee performance metrics; Create reports and presentations with MS-PowerPoint to communicate findings; Assist with various HR projects and administrative tasks; Support the HR team in making data-driven decisions.",Advanced proficiency in MS-Excel and MS-PowerPoint; Strong analytical and data visualization skills; An interest in HR analytics and operations; A detail-oriented and professional individual.,"['MS-PowerPoint', 'MS-Excel', 'HR Analytics', 'Data Reporting']",Internship Certificate; Competitive stipend,2,hybrid,21-10-2025
d6af09ee-81d0-4f6b-acab-292d49aeb199,E-commerce Operations,WaterScience,Manufacturing,"[""Bangalore"", ""560001""]","10,000",3,21-09-2025,Immediate,The E-commerce Operations Intern will support the management of our online store and marketing efforts.,Assist with managing product listings and inventory on our e-commerce platform; Execute digital and email marketing campaigns to drive online sales; Analyze sales data and customer behavior; Provide support for customer inquiries related to online orders.,A strong interest in e-commerce and digital marketing; Experience with email marketing is a plus; Analytical and detail-oriented; Good communication skills.,"['Digital Marketing', 'Email Marketing', 'E-commerce', 'Operations']",Internship Certificate; Letter of recommendation; Informal dress code; Free snacks & beverages,1,hybrid,21-10-2025
d80c292a-3f1e-4b6d-9a35-65f846c32182,Chess Coaching,Saswath Academy,Education,"[""Bangalore"", ""560001""]","10,000",6,21-09-2025,Immediate,The Chess Coaching Intern will assist in teaching chess to students of various skill levels.,Help conduct online and in-person chess classes for individuals and groups; Prepare lesson plans and teaching materials under supervision; Analyze student games and provide constructive feedback; Assist in organizing chess tournaments and events.,A strong proficiency in chess with a good understanding of strategy and tactics; A passion for teaching and working with students; Good communication and explanation skills; Patience and a supportive attitude.,"['Chess', 'Teaching', 'Coaching']",Internship Certificate; Flexible work hours,2,remote,21-10-2025
d813bc83-f168-4b72-96b0-4ae4a1341a78,Content Writing,Global Shiksha India Private Limited,Education,"[""Bangalore"", ""560001""]","5,000",3,21-09-2025,Immediate,The Content Writing Intern will create educational content for our e-learning platform.,"Research and write engaging and informative content for students; Create worksheets, quizzes, and other educational materials; Ensure all content is accurate and aligned with the curriculum; Collaborate with subject matter experts.",Excellent writing and research skills; A passion for education and content creation; Ability to write clearly for a student audience; A detail-oriented and reliable writer.,"['Content Writing', 'Educational Content', 'Research']",Internship with job offer; Certificate; Letter of recommendation; Flexible work hours; Informal dress code; Free snacks & beverages,2,remote,21-10-2025
d89397e4-b8fb-4454-8bd7-95eeeba15f5c,Graphic Design,QShala,Education,"[""Chennai"", ""600001""]","10,000",3,21-09-2025,Immediate,The Graphic Design Intern will create engaging visuals for our educational content and platforms.,"Design illustrations, infographics, and other visual assets for online learning; Use Adobe Creative Suite, including Photoshop, After Effects, and Lightroom; Collaborate with content creators to bring ideas to life; Ensure all designs are aligned with our brand identity.","Expertise in Adobe Photoshop, Creative Suite, After Effects, and Lightroom; A creative portfolio showcasing strong design skills; A passion for education and visual storytelling; Ability to work in a collaborative team.","['Adobe Photoshop', 'Adobe Creative Suite', 'Adobe After Effects', 'Adobe Photoshop Lightroom CC']",Internship with job offer; Certificate; Letter of recommendation; Flexible work hours; 5 days a week,1,hybrid,21-10-2025
d947047e-be8b-4af9-a52c-7b485791861e,Business Development (Sales),Tynimo Life Style Private Limited,Other,"[""Bangalore"", ""560001""]","6,000",3,21-09-2025,Immediate,The Business Development (Sales) Intern will support the growth of our lifestyle retail brand.,Assist in identifying new retail and corporate sales opportunities; Support the sales team with client outreach and follow-up; Help create sales reports and analyze sales data; Learn about retail sales and marketing strategies.,A strong interest in sales and the retail lifestyle industry; Excellent communication and interpersonal skills; A proactive and customer-focused attitude; Eagerness to learn and contribute to a team.,"['Sales', 'Retail', 'Lead Generation']",Internship with job offer; Certificate; Letter of recommendation; Flexible work hours,2,hybrid,21-10-2025
d95aba92-cca9-4fbd-ae60-3b5f4cccd3dd,Business Development (Sales),Quick Ride,Technology,"[""Chennai"", ""600001""]","6,500",2,21-09-2025,Immediate,The Business Development (Sales) Intern will help grow the user base of our carpooling and bikepooling app.,Promote the Quick Ride app to potential users and corporate clients; Assist with on-ground and online promotional activities; Onboard new users and help them with their first ride; Work towards achieving user acquisition targets.,Excellent communication and interpersonal skills; A proactive and outgoing personality; An interest in sales and sustainable transportation; A job offer is available for successful interns.,"['Sales', 'Lead Generation', 'Community Marketing']",Internship with job offer; Certificate; Letter of recommendation; Informal dress code,3,onsite,21-10-2025
d9c852c4-c0c5-46a0-879c-42cd64e34ae0,Social Media Marketing,Cloud Incorporated,Technology,"[""Bangalore"", ""560001""]","4,000",1,21-09-2025,Immediate,The Social Media Marketing Intern will manage and grow our social media presence over a 4-week project.,Develop and post content across our social media platforms; Engage with our online audience to build community; Monitor and report on key performance indicators (KPIs); Assist in creating a short-term social media strategy.,Solid understanding of social media marketing; Creative content creation skills; Ability to work independently and meet weekly goals; Excellent communication skills.,"['Social Media Marketing', 'Content Creation', 'Community Engagement']",Internship Certificate; 5 days a week; Short-term project experience,1,remote,21-10-2025
da8a1b8f-4533-4a86-94c5-008d8418b1c2,Business Development (Sales),Joblogy,Other,"[""Mumbai"", ""400001""]","10,000",3,21-09-2025,Immediate,"The Business Development (Sales) Intern will drive client acquisition for our recruitment services, with incentives.",Reach out to potential corporate clients in English and Hindi; Use MS-Excel to manage and track sales leads; Prepare sales reports and follow up with prospects; Work towards achieving monthly sales targets.,Excellent spoken and written English and spoken Hindi; Proficiency in MS-Excel; A confident and persuasive sales personality; This role is incentive-driven and based in Mumbai.,"['MS-Excel', 'English Proficiency (Spoken)', 'English Proficiency (Written)', 'Hindi Proficiency (Spoken)']",Internship Certificate; Letter of recommendation; Informal dress code; Performance incentives,2,remote,21-10-2025
dab3ed90-94f6-4cd4-896d-5f65e6a0d0c4,Telecalling,Digital Roy Academy,Education,"[""Bangalore"", ""560001""]","4,000",3,21-09-2025,Immediate,The Telecalling Intern will be responsible for student outreach for our digital academy.,Make outbound calls to prospective students to provide information about our courses; Communicate effectively in English and Kannada; Prepare call scripts and presentations using MS-Word and MS-PowerPoint; Maintain a database of leads and follow-ups.,Proficiency in MS-Word and MS-PowerPoint; Excellent spoken and written skills in English and Kannada; Strong communication and persuasion abilities; A friendly and professional demeanor.,"['MS-Word', 'MS-PowerPoint', 'English Proficiency (Spoken)', 'English Proficiency (Written)', 'Kannada Proficiency (Spoken)', 'Kannada Proficiency (Written)']",Internship Certificate; Flexible work hours; Informal dress code,2,onsite,21-10-2025
db012aea-a1b8-407b-b7a8-d6f9d546599b,Social Media Marketing,Lumbermantech Furnitures Private Limited,Design,"[""Bangalore"", ""560001""]","6,000",2,21-09-2025,Immediate,The Social Media Marketing Intern will manage our online presence across a wide range of digital marketing channels.,"Execute marketing campaigns using Google Analytics, SEM, SEO, and social media (Facebook, Instagram); Analyze data to measure and optimize campaign performance; Create and manage content for all digital channels; Collaborate with the team to grow our brand online.","Hands-on experience with a full suite of digital marketing tools including Google Analytics, SEM, and SEO; Strong understanding of Facebook and Instagram marketing; A data-driven and creative approach; Excellent communication skills.","['Social Media Marketing', 'Google Analytics', 'Search Engine Marketing (SEM)', 'Digital Marketing', 'Search Engine Optimization (SEO)', 'Facebook Marketing', 'Instagram Marketing']",Internship with job offer; Certificate; Letter of recommendation; Informal dress code; 5 days a week,1,hybrid,21-10-2025
db244fd5-ed92-4518-aa16-0917a8ac2c2c,Operations,BetterPlace,Technology,"[""Bangalore"", ""560001""]","10,000",3,21-09-2025,Immediate,The Operations Intern will support the operational processes of our platform for blue-collar workforce management.,"Assist with the day-to-day operational tasks to ensure our platform runs smoothly; Help with data management and process documentation; Coordinate between different teams to resolve operational issues; Work in a fast-paced, 5-day-a-week environment.",Strong organizational and problem-solving skills; A proactive and detail-oriented approach; Good communication and teamwork abilities; An interest in technology and operations.,"['Operations', 'Process Management', 'Coordination']",Internship Certificate; Informal dress code; 5 days a week,3,remote,21-10-2025
db8460da-002c-4e49-bc3f-8ff48d4f1719,Business Development (Sales),Yes Property Ventures Private Limited,Other,"[""Bangalore"", ""560001""]","8,000",3,21-09-2025,Immediate,The Business Development (Sales) Intern will support the sales team in the real estate sector.,Assist in identifying and contacting potential real estate clients; Help schedule property viewings and follow up with leads; Support the team in preparing sales documents; Learn about the real estate market and sales techniques.,A strong interest in real estate and sales; Excellent communication and negotiation skills; Self-motivated and customer-focused; Ability to build relationships with clients.,"['Sales', 'Lead Generation', 'Client Relationship Management']",Internship Certificate; Real estate industry experience,3,onsite,21-10-2025
dde79e18-841d-4634-b849-a44dcd46a9db,Programmatic DOOH Advertising/Marketing,Brandppulse Marketing Services Private Limited,Other,"[""Delhi"", ""110001""]","2,000",3,21-09-2025,Immediate,The Marketing Intern will work on innovative Programmatic Digital Out-of-Home (DOOH) advertising campaigns.,"Assist with planning and executing programmatic DOOH campaigns; Use digital, social media, and email marketing to support campaigns; Analyze campaign data and provide insights; This role is incentive-driven with a job offer possibility.",A strong interest in advertising technology and digital marketing; Knowledge of social media and email marketing; An analytical and creative mindset; A proactive learner eager to work in an emerging field.,"['Social Media Marketing', 'Digital Marketing', 'Email Marketing', 'AdTech']",Internship with job offer; Certificate; Letter of recommendation; Flexible work hours; Informal dress code; Performance incentives,2,onsite,21-10-2025
de8dc86c-1761-44f6-8981-503b0b2f863d,Business Development (Sales),Comezzo,Technology,"[""Bangalore"", ""560001""]","10,000",3,21-09-2025,Immediate,The Business Development (Sales) Intern will use Salesforce to manage and drive our sales process.,"Manage leads, opportunities, and customer data within Salesforce; Assist the sales team with lead qualification and outreach; Generate reports and dashboards to track sales performance; Learn best practices for using a leading CRM platform.",Strong experience or familiarity with Salesforce; An interest in a career in technology sales; Good analytical and organizational skills; A proactive and detail-oriented individual.,"['Salesforce', 'CRM Management', 'Sales Operations']",Internship Certificate; Valuable Salesforce experience,2,remote,21-10-2025
dea2d878-d222-4e8b-803f-296da48fdbfd,Content Writing,Pinetech IT Solutions,Technology,"[""Thrissur"", ""680001""]","6,000",6,21-09-2025,Immediate,The Content Writing Intern will create technical and marketing content for our IT solutions company.,"Research and write articles, blog posts, and website content about technology and software; Create clear and concise documentation for our products; Assist with writing copy for marketing materials; Ensure all content is well-written and technically accurate.","Excellent writing and research skills; An ability to understand and explain technical concepts clearly; A portfolio of written work, preferably on tech topics; A detail-oriented and self-motivated writer.","['Content Writing', 'Technical Writing', 'Copywriting']",Internship Certificate; Professional writing experience,1,remote,21-10-2025
df0d5ad4-38f0-432b-9c28-9ac4f0fee372,Human Resources (HR),Shiva Ganga Spices,Manufacturing,"[""Ahmedabad"", ""380001""]","4,000",2,21-09-2025,Immediate,"This is a 6-week Human Resources (HR) Internship to support our administrative and HR functions, with incentives.","Assist with HR tasks using the full MS-Office suite (Word, PowerPoint, Excel); Help with employee documentation and record-keeping; Support the recruitment and onboarding process; This role is for 6 weeks with flexible hours.","['MS-Office', 'MS-Word', 'MS-PowerPoint', 'MS-Excel', 'HR Administration']","['MS-Office', 'MS-Word', 'MS-PowerPoint', 'MS-Excel', 'HR Administration']",Internship Certificate; Letter of recommendation; Flexible work hours; Performance incentives,1,internship,02-11-2025
dffb0c00-6395-4005-aa39-4818715e907a,MIS Execution,ZRPL,Other,"[""Bangalore"", ""560001""]","15,000",6,21-09-2025,Immediate,The MIS Execution Intern will be responsible for managing and executing our Management Information Systems (MIS).,"Collect, analyze, and present data to support management decision-making; Develop and maintain dashboards and reports; Ensure data accuracy and integrity within our systems; Work in a structured, 5-day-a-week environment.","Strong analytical skills and proficiency with data analysis tools (e.g., advanced Excel); A detail-oriented and systematic approach to work; Good communication skills to present findings clearly; An interest in data and business intelligence.","['MIS Reporting', 'Data Analysis', 'Advanced Excel']",Internship Certificate; Informal dress code,1,hybrid,21-10-2025
e044b6f2-3ddf-4e54-92c4-9f0e52f434e0,Electronics Engineering,Brahm Works Private Limited,Technology,"[""Bangalore"", ""560001""]","5,000",6,21-09-2025,Immediate,"The Electronics Engineering Intern will work on exciting projects involving IoT, microcontrollers, and PCB design.",Develop and prototype IoT devices using Raspberry Pi and Arduino; Design and test PCBs using EAGLE software; Assist with the full lifecycle of electronics product development; Troubleshoot and solve hardware and firmware issues.,"A strong hands-on background in electronics, including Raspberry Pi, Arduino, and IoT; Experience with PCB design using EAGLE; A passion for tinkering and building new things; A problem-solver with a curious mind.","['Raspberry Pi', 'Arduino', 'Internet of Things (IoT)', 'EAGLE', 'Electronics']",Internship Certificate; Letter of recommendation; Flexible work hours; Informal dress code; Free snacks & beverages,1,hybrid,21-10-2025
e0510b66-11ae-482e-a81e-dfd30bc7f69d,Social Media Marketing,Naved Qureshi,Other,"[""Bangalore"", ""560001""]","5,000",2,21-09-2025,Immediate,The Social Media Marketing Intern will manage our social media presence with a focus on video content and data analysis.,Create and execute a social media marketing strategy; Produce and edit videos for social media platforms; Analyze social media data to measure performance and find insights; Write engaging content with excellent English proficiency.,"Strong skills in social media marketing, video editing, and data analytics; Excellent written English; A creative and analytical mindset; Incentives offered for strong performance.","['Social Media Marketing', 'Video Editing', 'Data Analytics', 'English Proficiency (Written)']",Internship Certificate; Letter of recommendation; Performance incentives,1,hybrid,21-10-2025
e099f2e8-55d6-4ecd-926d-3874d9499ca1,Business Development (Sales),Kofluence,Technology,"[""Bangalore"", ""560001""]","10,000",6,21-09-2025,Immediate,The Business Development (Sales) Intern will drive partnerships for our influencer marketing platform.,Identify and contact potential brands and influencers to join our platform; Communicate our value proposition with excellent written and spoken English; Build and manage a pipeline of leads; A job offer is available for interns who meet their targets.,Excellent spoken and written English; A strong interest in sales and influencer marketing; A proactive and relationship-focused sales approach; A confident and articulate communicator.,"['English Proficiency (Spoken)', 'English Proficiency (Written)', 'Sales', 'Influencer Marketing']",Internship with job offer; Certificate,2,remote,21-10-2025
e0b216bd-da09-4490-9373-f2d439caf875,Business Development (Sales),IUGALE Services Private Limited,Technology,"[""Bangalore"", ""560001""]","10,000",3,21-09-2025,Immediate,The Business Development (Sales) Intern will connect with clients in a multilingual environment to drive sales.,"Engage with potential clients across different regions, communicating in English, Hindi, Telugu, and Kannada; Present our services and solutions to prospects; Follow up on leads and work towards achieving sales targets; A job offer is available for top performers.","Excellent spoken proficiency in English, Hindi, Telugu, and Kannada; A confident and persuasive sales personality; A proactive and customer-oriented attitude; Ability to work in a 5-day-a-week sales environment.","['English Proficiency (Spoken)', 'English Proficiency (Written)', 'Hindi Proficiency (Spoken)', 'Telugu Proficiency (Spoken)', 'Kannada Proficiency (Spoken)']",Internship with job offer; Certificate; Letter of recommendation; Informal dress code; 5 days a week,2,onsite,21-10-2025
e0d87125-e017-494b-acb0-f1ff7744dce6,Customer Support Success,Engati,Technology,"[""Bangalore"", ""560001""]","22,000",6,21-09-2025,Immediate,The Customer Support Success Intern will ensure our customers have a great experience with our chatbot platform.,"Provide timely and helpful support to customers via chat, email, and other channels; Proactively work with clients to ensure they are successful with our product; Gather customer feedback and work with the product team to make improvements; A job offer is available for interns who excel in this role.",Excellent communication and problem-solving skills; A strong customer-first attitude; An interest in technology and customer success; A proactive and empathetic team player.,"['Customer Support', 'Client Success', 'Problem Solving']",Internship with job offer; Certificate; Letter of recommendation; Flexible work hours; Informal dress code; 5 days a week; Free snacks & beverages; Top-tier stipend,2,remote,21-10-2025
e147b25c-96bc-41a1-a0d2-098cd4b870f3,Mobile App Development,BrandLand Advertising Private Limited,Other,"[""Bangalore"", ""560001""]","20,000",3,21-09-2025,Immediate,"The Mobile App Development Intern will work on our native iOS and Android apps, with a lump sum stipend and incentives.","Develop and maintain mobile applications for both iOS and Android platforms; Assist with managing our WordPress-based backend or website; Collaborate on the full app lifecycle, from concept to deployment; Troubleshoot and improve app performance.",Experience in native iOS and Android development; Familiarity with WordPress is a plus; A portfolio of mobile apps is required; A versatile and motivated developer.,"['WordPress', 'iOS', 'Android', 'Mobile App Development']",Internship Certificate; Letter of recommendation; Flexible work hours; Informal dress code; 5 days a week; Lump sum stipend plus incentives,1,onsite,21-10-2025
e1bd04de-04cd-4e39-8044-ea82b590b66d,Content Writing,PlaySimple Games Private Limited,Technology,"[""Bangalore"", ""560001""]","20,000",6,21-09-2025,Immediate,The Content Writing Intern will create engaging and creative content for our mobile games.,"Write compelling copy for in-game narratives, characters, and marketing materials; Collaborate with game designers and artists to develop content; Brainstorm and pitch new ideas for game content; A job offer is available for exceptional writers.",Excellent creative writing skills with a passion for games; Ability to write in a variety of styles and tones; A creative and collaborative team player; A portfolio of creative writing samples is required.,"['Creative Writing', 'Game Design', 'Copywriting']",Internship with job offer; Flexible work hours; Informal dress code; 5 days a week; Free snacks & beverages; Competitive stipend,1,hybrid,21-10-2025
e1bd711b-b65b-4032-a55e-378867f09a3f,Telecalling,Brainstorm Consulting,Other,"[""Bangalore"", ""560001""]","10,000",6,21-09-2025,Immediate,The Telecalling Intern will be responsible for outbound calls to support our consulting and recruitment services.,Make outbound calls to potential candidates and clients; Explain our services and answer inquiries; Schedule appointments for senior consultants; Maintain a database of calls and client information.,Excellent verbal communication and interpersonal skills; A clear and pleasant speaking voice; Ability to be persuasive and handle objections; Goal-oriented and persistent.,"['Telecalling', 'Communication', 'Lead Generation']",Internship Certificate; Sales and communication training,4,remote,21-10-2025
e35f2999-86bb-4693-8626-810d1af8e4c1,Business Development (Sales),CarX,Other,"[""Bangalore"", ""560001""]","10,000",2,21-09-2025,Immediate,The Business Development (Sales) Intern will drive customer acquisition for our automotive service platform.,Reach out to car owners and potential customers to promote our services; Explain the benefits of CarX and onboard new users; Follow up on leads and work towards achieving sales targets; Communicate effectively with excellent spoken English.,Excellent spoken English and strong sales skills; A passion for cars and the automotive industry; A confident and customer-focused personality; A job offer is available for top performers.,"['English Proficiency (Spoken)', 'Sales', 'Automotive', 'Lead Generation']",Internship with job offer; Certificate; Letter of recommendation; Flexible work hours; Informal dress code,2,remote,21-10-2025
e3b1f234-b3b2-4098-9fdc-5e65c3000522,Project Management,Evineon Technologies,Technology,"[""Bangalore"", ""560001""]","10,000",3,21-09-2025,Immediate,"The Project Management Intern will assist in planning, executing, and monitoring technology projects.","Support project managers in defining project scope, goals, and deliverables; Help track project timelines and milestones; Assist with coordinating between different teams and stakeholders; Prepare project status reports and documentation.",A strong interest in project management within the tech industry; Excellent organizational and communication skills; A proactive and detail-oriented approach; Familiarity with project management tools is a plus.,"['Project Management', 'Coordination', 'Reporting']",Internship Certificate; Hands-on project management experience,1,remote,21-10-2025
e5a9f8f9-b113-47d6-bc06-360505074d0b,Business Development (Sales),Datawrkz Business Solutions Private Limited,Technology,"[""Bangalore"", ""560001""]","20,000",3,21-09-2025,Immediate,The Business Development (Sales) Intern will support the growth of our ad-tech business.,Assist in identifying and researching potential clients in the digital advertising space; Support the sales team with outreach and lead qualification; Help prepare sales presentations and proposals; Learn about the programmatic advertising industry.,A strong interest in sales and digital advertising technology; Excellent communication and interpersonal skills; Analytical and research abilities; A proactive and ambitious attitude.,"['Sales', 'Lead Generation', 'AdTech', 'Market Research']",Internship Certificate; Flexible work hours; Informal dress code; 5 days a week; Free snacks & beverages,2,onsite,21-10-2025
e5db106a-e18d-4ecd-b900-862fedcbee17,Content Writing,JOKER & WITCH,Design,"[""Bangalore"", ""560001""]","10,000",6,21-09-2025,Immediate,The Content Writing Intern will create engaging content for our fashion accessory brand across multiple digital channels.,"Write creative copy for our blog, social media (Facebook, Instagram), and email marketing campaigns; Implement SEO best practices in all written content; Collaborate with the marketing team on content strategy and planning; Stay up-to-date with fashion trends to create relevant content.","Excellent creative writing and copywriting skills; A strong understanding of SEO, social media marketing, and email marketing; A passion for fashion and accessories; A portfolio of engaging content is required.","['Social Media Marketing', 'Blogging', 'Search Engine Optimization (SEO)', 'Facebook Marketing', 'Creative Writing', 'Email Marketing', 'Instagram Marketing']",Internship Certificate; Letter of recommendation; Informal dress code,1,remote,21-10-2025
e62ecdef-f1f8-4531-979d-80ff5170602d,Birthday Surprise Planning,Bunny Bash Events And Rentals,Other,"[""Bangalore"", ""560001""]","2,000",3,21-09-2025,Immediate,The Birthday/Surprise Planning Intern will help create memorable events with a mix of creative and marketing skills.,Assist with the planning and execution of birthday parties and surprise events; Use social media marketing to promote our services; Create event concepts and visuals with Adobe Illustrator; Use photography to capture events for our portfolio.,"A passion for event management and planning; Skills in social media marketing, Adobe Illustrator, and photography; A creative and organized individual; This role is incentive-driven.","['Social Media Marketing', 'Event Management', 'Adobe Illustrator', 'Photography']",Internship Certificate; Letter of recommendation; Performance incentives,1,remote,21-10-2025
e6b5f9e8-6cce-452f-9f41-3dd7b2eff23e,iOS App Development,Gloify,Technology,"[""Bangalore"", ""560001""]","10,000",4,21-09-2025,Immediate,The iOS App Development Intern will contribute to the design and development of applications for Apple devices.,"Develop and maintain iOS applications using Swift and Objective-C; Collaborate with the design team to implement UI/UX features; Write clean, maintainable code and perform bug fixing; Participate in the full app development lifecycle.","Proficiency in Swift, Objective-C, and the iOS SDK; Understanding of mobile development principles; A portfolio of iOS projects is highly desirable; Strong problem-solving skills.","['Objective C', 'Swift', 'iOS', 'Mobile Development']",Internship with job offer; Certificate; Letter of recommendation; 5 days a week,1,remote,21-10-2025
e744774b-4b1f-4e22-8d8c-a5eca45372e2,Graphic Design,Yantraloop Solutions Private Limited,Technology,"[""Bangalore"", ""560001""]","4,000",2,21-09-2025,Immediate,The Graphic Design Intern will create visual assets for our technology solutions.,"Design graphics for our website, social media, and marketing materials; Collaborate with the team to develop visual concepts; Ensure brand consistency in all designs; Prepare files for digital and print production.","Proficiency in graphic design software (e.g., Adobe Creative Suite); A strong portfolio showcasing your design skills; Creativity and a good eye for detail; Ability to take feedback and iterate on designs.","['Graphic Design', 'Branding', 'Visual Communication']",Internship Certificate; Letter of recommendation; Informal dress code,1,hybrid,21-10-2025
e76819a0-f2e3-46f2-9e0e-c61f52436d5a,Data Entry,Elaachi,Other,"[""Bangalore"", ""560001""]","7,000",3,21-09-2025,Immediate,The Data Entry Intern will be responsible for accurately entering and managing data for our company.,"Perform high-volume data entry tasks with speed and accuracy; Verify and clean data to ensure quality and consistency; Maintain organized records and databases; Work in a structured, 5-day-a-week environment.",Excellent typing skills with high accuracy; Strong attention to detail; Proficiency with computers and data entry software; A reliable and focused individual.,"['Data Entry', 'Typing', 'Data Accuracy']",Internship Certificate; Letter of recommendation; 5 days a week,2,remote,21-10-2025
e821d27e-478d-4ae7-b0c5-9928e5c25338,Operations,Carfin Automobile Financial Services,Finance,"[""Bangalore"", ""560001""]","12,000",6,21-09-2025,Immediate,The Operations Intern will support our team in managing client relationships and operational processes in automobile financing.,Assist with processing loan applications and documentation; Manage client data and operational workflows using MS-Excel; Communicate with clients in Kannada and English to provide updates and support; Build and maintain strong client relationships.,Proficiency in MS-Excel; Strong client relationship skills; Spoken proficiency in English and Kannada; Detail-oriented with good organizational abilities.,"['MS-Excel', 'Kannada', 'Client Relationship', 'English Proficiency (Spoken)']",Internship Certificate; Letter of recommendation,1,remote,21-10-2025
e906e5e9-be12-4d1c-a9e1-d75520c5f55e,Business Development (Sales),Ifurnish,Design,"[""Bangalore"", ""560001""]","10,000",3,21-09-2025,Immediate,The Business Development (Sales) Intern will support the growth of our furniture and interior design business.,"Identify and contact potential clients, including homeowners and businesses; Assist the sales team with consultations and follow-ups; Help prepare quotes and sales proposals; Learn about the furniture and design industry.",A strong interest in sales and interior design; Excellent communication and interpersonal skills; A customer-focused and results-oriented attitude; Eager to learn and contribute to a team.,"['Sales', 'Lead Generation', 'Interior Design']",Internship with job offer; Certificate; Letter of recommendation,3,hybrid,21-10-2025
e974f655-0e2f-49e5-95f8-41215312b6d7,Graphic Design,Knedge,Education,"[""Bangalore"", ""560001""]","8,000",3,21-09-2025,Immediate,The Graphic Design Intern will create compelling visual content for our educational platform and marketing materials.,"Design graphics, illustrations, and layouts using Adobe Creative Suite; Create animations and motion graphics with Adobe After Effects; Edit and enhance images using Adobe Photoshop and Premiere Pro; Collaborate with the content team to visualize educational concepts.","Expertise in Adobe Photoshop, Illustrator, Premiere Pro, and After Effects; A strong portfolio showcasing a range of design skills; Creative thinking and attention to detail; Ability to meet deadlines.","['Adobe Photoshop', 'Adobe Illustrator', 'Adobe Premiere Pro', 'Adobe Creative Suite', 'Adobe After Effects']",Internship Certificate; Letter of recommendation; Flexible work hours; 5 days a week,1,hybrid,21-10-2025
e988b240-d0a5-4995-b8db-4f23b1d7eef5,Marketing,Lugano Technology Services,Technology,"[""Bangalore"", ""560001""]","3,000",3,21-09-2025,Immediate,The Marketing Intern will assist in executing and analyzing our digital marketing campaigns.,Help manage campaigns on Google AdWords and social media (Facebook); Use Google Analytics to track website traffic and campaign performance; Assist with creating content for email marketing; Support the marketing team in various tasks.,"Familiarity with Google Analytics, Google AdWords, and Facebook Marketing; Strong analytical and communication skills; An interest in digital marketing for a technology company; Eagerness to learn and apply new marketing techniques.","['Google Analytics', 'Digital Marketing', 'Google AdWords', 'Facebook Marketing', 'Email Marketing']",Internship Certificate; Letter of recommendation; Flexible work hours,1,hybrid,21-10-2025
e9993304-0c43-4d6a-83e9-89104a897a14,Business Development (Sales),SPACECLAP,Design,"[""Bangalore"", ""560001""]","5,000",6,21-09-2025,Immediate,The Business Development (Sales) Intern will drive client acquisition for our interior design and architecture firm.,Identify and contact potential clients for our design services; Build and maintain a pipeline of leads; Assist with preparing proposals and client presentations; Learn about sales in the design and construction industry.,"A strong interest in sales, interior design, and architecture; Excellent communication and networking skills; A self-motivated and professional attitude; Eager to contribute to a growing design firm.","['Sales', 'Lead Generation', 'Interior Design']",Internship Certificate; Hands-on sales experience,2,remote,21-10-2025
ea6f65bd-b8c7-4a2d-a1a8-5883a89ba120,Mobile App Development,Blowhorn,Technology,"[""Bangalore"", ""560001""]","10,000",3,21-09-2025,Immediate,The Mobile App Development Intern will work on our logistics platform's native iOS and Android apps.,"Develop and maintain features for our mobile applications using Java (Android) and Swift (iOS); Collaborate with product managers and designers to create a seamless user experience; Write clean, testable code and perform bug fixes; A job offer is available for strong performers.",Proficiency in native mobile development with Java (Android) and Swift (iOS); A portfolio of mobile app projects; A passion for logistics technology and creating great apps; A collaborative and problem-solving mindset.,"['Java', 'Swift', 'iOS', 'Android', 'Mobile App Development']",Internship with job offer; Certificate; Flexible work hours; Informal dress code,1,remote,21-10-2025
eb559bd6-ef64-4466-a214-38f14862110b,Business Development (Sales),IDisha Info Labs Private Limited,Technology,"[""Chennai"", ""600001""]","6,500",3,21-09-2025,Immediate,The Business Development (Sales) Intern will drive sales through digital marketing and client outreach.,Use digital marketing strategies to generate leads for our IT services; Contact potential clients and present our offerings; Use MS-Office for preparing proposals and tracking sales; A job offer is available for successful interns.,Skills in MS-Office and digital marketing; A strong interest in a sales career in the IT industry; Good communication and interpersonal skills; A proactive and goal-oriented attitude.,"['MS-Office', 'Digital Marketing', 'Sales', 'Lead Generation']",Internship with job offer; Certificate; Letter of recommendation; Informal dress code,1,hybrid,21-10-2025
eb67eb01-8e54-464b-ab0e-3e1bc4387f07,Sales Executive,DrinkPrime,Healthcare,"[""Bangalore"", ""560001""]","10,000",6,21-09-2025,Immediate,The Sales Executive Intern will be responsible for promoting and selling our smart water purifiers.,Engage with potential customers to explain the benefits of DrinkPrime; Conduct product demonstrations and answer customer questions; Follow up on leads and close sales to meet targets; Build strong customer relationships.,A passion for sales and a customer-centric approach; Excellent communication and persuasion skills; A proactive and results-driven individual; An interest in the health and wellness sector.,"['Sales', 'Customer Relationship Management', 'Direct Sales']",Internship Certificate; Letter of recommendation,4,onsite,21-10-2025
ebb7ada7-f8a5-42a8-8d50-a2ee3b88db7c,Graphic Design,Outofbox Advertising,Other,"[""Chennai"", ""600001""]","5,000",6,21-09-2025,Immediate,The Graphic Design Intern will work on UI/UX projects using modern design tools like Figma and Adobe XD.,"Create wireframes, mockups, and prototypes for web and mobile applications; Design intuitive and visually appealing user interfaces; Collaborate with the development team to ensure design feasibility; A job offer is available for strong performers.",Proficiency in UI/UX design tools such as Adobe XD and Figma; A strong portfolio showcasing your design process and visual skills; A user-centric approach to design; A creative and collaborative team player.,"['Adobe XD', 'Figma', 'UI/UX Design']",Internship with job offer; Certificate; Letter of recommendation,1,hybrid,21-10-2025
ebe6bf1b-b7b5-490b-849a-a39aa13a8b7f,Video Making Editing,Mind Fleck Private Limited,Technology,"[""Bangalore"", ""560001""]","10,000",3,21-09-2025,Immediate,The Video Making/Editing Intern will create a variety of animated and video content using advanced software.,Produce and edit videos using Adobe After Effects and Audition; Create animations with Adobe Flash and 3ds Max; Work with the Adobe Creative Suite to produce high-quality multimedia content; Collaborate on creative projects in a 5-day-a-week schedule.,"Expertise in video editing and animation software (Adobe Creative Suite, After Effects, Flash, 3ds Max); A strong portfolio showcasing your video and animation skills; A creative and technical mindset; A great team player.","['Adobe Creative Suite', '3ds Max', 'Adobe Flash', 'Adobe Audition', 'Adobe After Effects', 'Video Editing']",Internship Certificate; Letter of recommendation; 5 days a week,1,hybrid,21-10-2025
ed090073-7372-4710-a812-1ddbee581ff9,Operations,YourDOST Health Solutions,Healthcare,"[""Bangalore"", ""560001""]","12,000",6,21-09-2025,Immediate,The Operations Intern will support the smooth functioning of our mental wellness platform.,"Use MS-Office and MS-Excel to manage and analyze operational data; Assist with coordinating between counselors, users, and our internal teams; Support with scheduling and other administrative tasks; A job offer is available for interns who excel in the role.",Strong proficiency in MS-Office and MS-Excel; Excellent organizational and communication skills; A detail-oriented and empathetic individual; A passion for mental health and wellness.,"['MS-Office', 'MS-Excel', 'Operations', 'Coordination']",Internship with job offer; Informal dress code,2,remote,21-10-2025
ede59a17-c688-494e-83c3-7eccc8d6618c,Mobile App Development,Ikshan Solutions Private Limited,Technology,"[""Bangalore"", ""560001""]","10,000",6,21-09-2025,Immediate,The Mobile App Development Intern will work on building feature-rich Android applications.,"Develop and maintain our Android app using Java, Kotlin, and Flutter; Implement user interfaces and ensure a great user experience; Integrate with backend services using REST APIs and Firebase; Collaborate with a team of skilled developers.","Strong experience in mobile development with Java, Kotlin, Flutter, and Android; Proficiency with REST APIs and Firebase; A good understanding of UI development principles; A portfolio of mobile projects is required.","['Java', 'User Interface (UI) Development', 'Flutter', 'REST API', 'Dart', 'Android', 'Kotlin', 'Firebase']",Internship Certificate; Flexible work hours; Informal dress code,1,onsite,21-10-2025
ede6a06c-3005-468f-9e98-170d88715d9d,Graphic Design,Mintbook,Education,"[""Bangalore"", ""560001""]","9,000",3,21-09-2025,Immediate,The Graphic Design Intern will create visual assets for our educational platform using Adobe Photoshop and Illustrator.,Design graphics for digital learning materials; Create visuals for social media and marketing campaigns; Collaborate with the content team on design concepts; Ensure brand consistency across all assets.,Proficiency in Adobe Photoshop and Adobe Illustrator; A strong creative portfolio; An interest in the education technology sector; Ability to work collaboratively and meet deadlines.,"['Adobe Photoshop', 'Adobe Illustrator']",Internship Certificate; Letter of recommendation,1,hybrid,21-10-2025
ee337401-6851-4b9a-9bb1-2e51e32e0e31,Web Development,SHLR Technosoft Private Limited,Technology,"[""Bangalore"", ""560001""]","6,000",3,21-09-2025,Immediate,The Web Development Intern will work on modern web applications using the Microsoft stack and Angular.,Develop and maintain web applications using .NET and MS SQL Server; Build dynamic front-end interfaces with Angular 7.0; Collaborate with the development team on coding and debugging; Participate in the full software development lifecycle.,"Proficiency in .NET, MS SQL Server, and Angular 7.0; A solid understanding of web development concepts; A passion for coding and problem-solving; A portfolio of relevant projects is a plus.","['.NET', 'MS SQL Server', 'Angular 7.0', 'Web Development']",Internship Certificate; Hands-on experience with modern frameworks,1,remote,21-10-2025
ee61e363-acc2-484c-b13e-1d2c5e9f00e9,Quality Assurance (QA) Testing,Think201 Creative Studio,Design,"[""Bangalore"", ""560001""]","10,000",6,21-09-2025,Immediate,The QA Testing Intern will be responsible for ensuring the quality of our creative digital products through manual testing.,"Perform manual testing on websites, apps, and other digital products; Identify, document, and track bugs and defects; Create and execute test cases to ensure functionality meets requirements; Collaborate with developers and designers to resolve issues.",A strong understanding of manual testing principles; A meticulous and detail-oriented approach; Good communication skills to report bugs clearly; A job offer is available for interns who demonstrate excellent QA skills.,"['Manual Testing', 'Quality Assurance', 'Bug Tracking']",Internship with job offer; Certificate; Letter of recommendation; 5 days a week,1,onsite,21-10-2025
ee93a031-158e-4488-8487-b0aae6ee126e,Operations,Embibe,Education,"[""Bangalore"", ""560001""]","13,000",4,21-09-2025,Immediate,The Operations Intern will support various operational and administrative functions at our leading EdTech company.,"Use the full MS-Office suite (Word, PowerPoint, Excel) for documentation, presentations, and data management; Assist with coordinating projects and tasks across different teams; Ensure smooth execution of operational workflows; Communicate effectively in English with internal stakeholders.","High proficiency in MS-Office, including Word, PowerPoint, and Excel; Excellent written and spoken English; Strong organizational and multitasking skills; A proactive and detail-oriented approach to work.","['MS-Office', 'MS-Word', 'MS-PowerPoint', 'MS-Excel', 'English Proficiency (Spoken)', 'English Proficiency (Written)']",Internship Certificate; Experience in a top EdTech company,3,remote,21-10-2025
ef6b4145-82d2-40b6-b0d3-1508d5040d54,Marketing,Webscale Networks,Technology,"[""Bangalore"", ""560001""]","7,000",2,21-09-2025,Immediate,"The Marketing Intern will support our marketing team with data management and campaign execution, with incentives offered.","Use MS-Office, particularly MS-Excel, to manage and analyze marketing data; Assist with the execution of marketing campaigns; Conduct market research and identify potential leads; Support the team with administrative and organizational tasks.",Strong proficiency in MS-Office and MS-Excel; Good communication and analytical skills; An interest in a marketing career in the tech industry; Detail-oriented and eager to learn.,"['MS-Office', 'MS-Excel', 'Data Analysis', 'Marketing Support']",Internship Certificate; Letter of recommendation; 5 days a week; Performance incentives,1,remote,21-10-2025
f0328b6e-5dac-411d-8851-a7d6a33938d1,Graphic Design,Buildcom,Manufacturing,"[""Bangalore"", ""560001""]","5,000",2,21-09-2025,Immediate,The Graphic Design Intern will create a wide range of visual content for our construction and design company.,"Design marketing materials, presentations, and website graphics using Adobe Creative Suite (Photoshop, Illustrator, Premiere Pro, Indesign, Dreamweaver); Collaborate with the marketing and architecture teams; A job offer is available for versatile and talented interns.",A broad skill set across the Adobe Creative Suite; A strong portfolio showcasing professional design work; A creative and collaborative designer; Ability to work in a 5-day-a-week environment.,"['Adobe Photoshop', 'Adobe Illustrator', 'Adobe Premiere Pro', 'Adobe Dreamweaver', 'Adobe Indesign']",Internship with job offer; Certificate; Letter of recommendation; Flexible work hours; Informal dress code; 5 days a week; Free snacks & beverages,1,remote,21-10-2025
f1bf31cf-1371-46a3-a770-5f89ca991054,Business Development (Sales),JadeCaps Technologies Private Limited,Technology,"[""Bangalore"", ""560001""]","10,000",3,21-09-2025,Immediate,The Business Development (Sales) Intern will drive growth through a combination of digital marketing and sales.,"Use WordPress, Facebook Marketing, and Instagram Marketing to generate leads; Reach out to potential clients and present our technology solutions; Follow up with prospects to close deals; Analyze marketing campaign performance.","Skills in WordPress, Facebook Marketing, and Instagram Marketing; A strong aptitude for sales and communication; A proactive and results-driven attitude; Eager to work in a tech startup environment.","['WordPress', 'Facebook Marketing', 'Instagram Marketing', 'Sales']",Internship Certificate; Letter of recommendation; Flexible work hours,1,hybrid,21-10-2025
f2171852-5b42-41b9-b30d-4f63c645d124,Content Writing,Mind Fleck Private Limited,Technology,"[""Bangalore"", ""560001""]","10,000",3,21-09-2025,Immediate,The Content Writing Intern will create engaging and informative content for our technology company.,"Research and write articles, blog posts, and website content; Create compelling copy for marketing materials; Ensure all content is well-written and optimized for our audience; A job offer is available for interns who excel.","Excellent writing, research, and editing skills; An ability to write clearly about technology topics; A portfolio of your written work is required; A proactive and deadline-driven writer.","['Content Writing', 'Copywriting', 'Technical Writing']",Internship with job offer; Certificate; 5 days a week,1,onsite,21-10-2025
f27b522b-fa2c-4f72-8440-007faf8871d0,Business Development (Sales),John Meridian,Other,"[""Bangalore"", ""560001""]","7,500",3,21-09-2025,Immediate,The Business Development (Sales) Intern will be responsible for driving sales and business growth.,Identify and pursue new sales opportunities; Build and maintain relationships with clients; Prepare and deliver sales pitches to potential customers; Work towards achieving sales targets in a structured 5-day-a-week environment.,A strong aptitude for sales and business development; Excellent communication and negotiation skills; A self-motivated and ambitious individual; A job offer is available for high performers.,"['Sales', 'Negotiation', 'Client Relationship Management']",Internship with job offer; 5 days a week,2,onsite,21-10-2025
f38b1bff-9e56-4d67-b699-12f2f9333c25,Logistics,AbleCold Logistics,Manufacturing,"[""Bangalore"", ""560001""]","10,000",1,21-09-2025,Immediate,This is a one-month Logistics Internship in the cold chain industry.,Assist with the planning and coordination of shipments and deliveries; Help track inventory and manage warehouse operations; Communicate with clients and transport partners; Support the team in ensuring an efficient and reliable cold chain.,A strong interest in logistics and supply chain management; Excellent organizational and problem-solving skills; Good communication abilities; A proactive and hands-on approach.,"['Logistics', 'Supply Chain', 'Coordination']",Internship Certificate; Experience in a specialized logistics sector,1,hybrid,21-10-2025
f3ef5124-9635-4d35-8896-e9389a0dcd76,Video Making Editing,Open Door Education,Education,"[""Bangalore"", ""560001""]","15,000",2,21-09-2025,Immediate,The Video Making/Editing Intern will create high-quality educational video content.,Edit and produce educational videos using Adobe Premiere Pro and After Effects; Work with audio using Adobe Audition to ensure high quality; Collaborate with subject matter experts on creating engaging video content; Manage the video production process from raw footage to final product.,Expertise in video editing with Adobe Premiere Pro and After Effects; Experience with Adobe Audition for audio editing; A portfolio of professional or academic video work; A creative and detail-oriented video editor.,"['Video Editing', 'Adobe Premiere Pro', 'Video Making', 'Adobe Audition', 'Adobe After Effects']",Internship Certificate; Letter of recommendation,1,hybrid,21-10-2025
f50aa704-4096-4ea8-926b-f9a0807e8296,Business Development (Sales),Meaven Interior Design Studio,Design,"[""Bangalore"", ""560001""]","5,000",3,21-09-2025,Immediate,"The Business Development (Sales) Intern will drive client acquisition for our interior design studio, with incentives.","Identify and contact potential clients for our design services; Schedule consultations and follow up with leads; Assist in preparing proposals and presentations; Work in a structured, 5-day-a-week environment to achieve sales targets.",A passion for sales and interior design; Excellent communication and interpersonal skills; A confident and professional demeanor; This role is incentive-driven.,"['Sales', 'Lead Generation', 'Interior Design']",Internship Certificate; Letter of recommendation; Informal dress code; 5 days a week; Performance incentives,1,hybrid,21-10-2025
f57a3d6e-3cd8-4dc6-bd18-75c40a9f3a81,Event Management Wedding Planning,Visual Reality Events & Production,Other,"[""Bangalore"", ""560001""]","2,000",3,21-09-2025,Immediate,The Event Management/Wedding Planning Intern will assist in the planning and execution of various events and weddings.,Support event coordinators in client meetings and vendor communications; Assist with on-site event setup and management; Create presentations and proposals using MS-PowerPoint; Handle administrative tasks related to event planning.,Excellent organizational and multitasking abilities; Strong English proficiency (both spoken and written); A creative and detail-oriented approach to planning; Ability to work well under pressure.,"['MS-PowerPoint', 'English Proficiency (Spoken)', 'English Proficiency (Written)', 'Event Coordination']",Internship with job offer; Certificate; Letter of recommendation,2,onsite,21-10-2025
f5cfb9d5-2de8-45ab-ad16-2ba72537f011,Operations,Spinny,Other,"[""Bangalore"", ""560001""]","15,000",1,21-09-2025,Immediate,This is a one-month Operations Internship to support the processes of our used car platform.,"Assist with the day-to-day operational tasks, including vehicle inspections and logistics; Use MS-Excel to track and manage operational data; Coordinate with various teams to ensure a smooth workflow; A job offer is available for strong performers.",Proficiency in MS-Excel; Strong organizational and problem-solving skills; A proactive and hands-on attitude; Ability to thrive in a fast-paced environment.,"['MS-Excel', 'Operations', 'Logistics']",Internship with job offer; Certificate; Informal dress code,3,onsite,21-10-2025
f632e687-c711-48a3-8f1a-46b2c9dc3204,Photography Styling & Creatives,JOKER & WITCH,Design,"[""Bangalore"", ""560001""]","10,000",6,21-09-2025,Immediate,The Photography Styling & Creatives Intern will be responsible for the visual representation of our fashion products.,Plan and execute product and lifestyle photoshoots; Style products to create visually appealing images; Edit photos using Adobe Photoshop and videos using Premiere Pro; Use CorelDRAW and Illustrator for graphic design tasks.,"A strong portfolio in photography and styling; Proficiency in Adobe Photoshop, Premiere Pro, CorelDRAW, and Illustrator; A keen eye for fashion, styling, and creative direction; A collaborative and hands-on approach.","['Adobe Photoshop', 'CorelDRAW', 'Adobe Illustrator', 'Adobe Premiere Pro', 'Photography', 'Styling']",Internship with job offer; Certificate; Letter of recommendation; Informal dress code,1,hybrid,21-10-2025
f64fdb88-d171-4595-ba81-8da5a1c2fcec,Telecalling,Ownerstown,Technology,"[""Bangalore"", ""560001""]","15,000",4,21-09-2025,Immediate,The Telecalling Intern will be responsible for outbound calls to support our real estate technology platform.,Make outbound calls to potential clients and property owners; Explain our services and schedule appointments for the sales team; Use MS-Excel to maintain a database of leads and calls; Meet daily and weekly call targets.,Excellent verbal communication skills; Proficiency in MS-Excel; A confident and clear speaking voice; A persistent and goal-driven mindset.,"['MS-Excel', 'Telecalling', 'Lead Generation']",Internship Certificate; Competitive stipend,2,hybrid,21-10-2025
f66fe7a9-f3e4-4864-8dc7-52c28addc1f2,Human Resources (IT Recruitment),CueLearn,Education,"[""Bangalore"", ""560001""]","15,000",6,21-09-2025,Immediate,The HR (IT Recruitment) Intern will focus on sourcing and recruiting technical talent for our EdTech company.,Source and screen candidates for various IT and technical roles; Coordinate and schedule technical interviews; Maintain the applicant tracking system with candidate information; Learn about the challenges and strategies of IT recruitment.,An interest in a career in IT recruitment; Good communication and interpersonal skills; A proactive and organized approach to tasks; Basic understanding of technology roles is a plus.,"['IT Recruitment', 'Sourcing', 'Technical Recruiting']",Internship Certificate; Letter of recommendation; Experience in a leading EdTech company,2,onsite,21-10-2025
f702a598-358f-4e30-b6d6-5d3daa8e334e,Marketing,HealthKart,Healthcare,"[""Bangalore"", ""560001""]","5,000",2,21-09-2025,Immediate,The Marketing Intern will support the marketing activities of a leading health and fitness brand.,Assist with the execution of online and offline marketing campaigns; Help create content for our brand and products; Conduct market research on the health and wellness industry; Support the marketing team with various tasks.,"A passion for marketing, health, and fitness; Good communication and creative skills; A proactive and enthusiastic team player; A job offer is available for successful interns.","['Marketing', 'Health & Wellness', 'Campaign Execution']",Internship with job offer; Certificate; Letter of recommendation,3,remote,21-10-2025
f77a6d9c-44ec-448f-aa6a-730504f53c9b,Law Legal,Prashant Dayama,Other,"[""Bangalore"", ""560001""]","5,000",6,21-09-2025,Immediate,"The Law/Legal Intern will provide essential support in a legal setting, assisting with research and documentation.",Conduct legal research on various topics and cases; Assist in drafting and reviewing legal documents; Prepare case summaries and presentations using MS-PowerPoint; Perform administrative tasks using MS-Office.,"Currently enrolled in a law degree program (LLB or LLM); Strong research and writing skills; Proficiency in MS-Office, including PowerPoint; High level of professionalism and confidentiality.","['MS-Office', 'MS-PowerPoint', 'Legal Research', 'Document Drafting']",Internship Certificate; Practical legal experience,1,onsite,21-10-2025
f7fdb721-17c6-404c-af9e-bfa378f99f5c,Business Development (Sales),DM Consulting (India) Private Limited,Other,"[""Bangalore"", ""560001""]","5,000",6,21-09-2025,Immediate,The Business Development (Sales) Intern will gain essential experience in key areas relevant to the sales and consulting lifecycle.,Identify and research potential clients and market opportunities; Support the sales team with lead generation and outreach activities; Assist in preparing sales presentations and proposals; Help maintain the customer relationship management (CRM) system.,"Pursuing a degree in Business, Marketing, or a related field; Excellent communication and interpersonal skills; A strong desire to learn about sales and business development; Self-motivated and goal-oriented.","['Lead Generation', 'Client Communication', 'Sales Strategy']",Internship Certificate; Letter of Recommendation; Professional development,1,remote,21-10-2025
f898486d-9e77-459c-9f2a-aea4e7dfda81,Web Development,Futures And Careers (FAC),Education,"[""Bangalore"", ""560001""]","15,000",2,21-09-2025,Immediate,The Web Development Intern will assist our team in building and maintaining our educational web platforms.,"Assist with front-end and back-end development tasks; Write, test, and debug code under the supervision of senior developers; Help with website updates and maintenance; Work in a professional, 5-day-a-week environment.","A solid foundation in web development (HTML, CSS, JavaScript, and a backend language); A passion for coding and problem-solving; A quick learner and a good team player; A portfolio of personal projects is a plus.","['Web Development', 'HTML', 'CSS', 'JavaScript']",Internship Certificate; 5 days a week; Professional development,2,hybrid,21-10-2025
f8c7a40e-e553-4da3-8e28-16f62d7cf03d,Search Engine Optimization (SEO),Webi7 Digital Media,Technology,"[""Bangalore"", ""560001""]","5,000",3,21-09-2025,Immediate,The Search Engine Optimization (SEO) Intern will help improve our organic search visibility and website traffic.,Conduct keyword research and analysis to guide content strategy; Assist with on-page and off-page SEO optimization tasks; Monitor and report on SEO performance using analytics tools; Stay up-to-date with the latest SEO trends and best practices.,A solid understanding of Search Engine Optimization (SEO) principles; Familiarity with SEO tools like Google Analytics and Search Console; Strong analytical and research skills; Excellent written communication.,"['Search Engine Optimization (SEO)', 'Keyword Research', 'Content Strategy']",Internship Certificate; Letter of recommendation; Informal dress code; Free snacks & beverages,1,onsite,21-10-2025
f943d885-05f9-4b6e-a3f8-c8975c413f4b,iOS App Development,Evineon Technologies,Technology,"[""Bangalore"", ""560001""]","20,000",3,21-09-2025,Immediate,The iOS App Development Intern will be responsible for developing and maintaining applications for the Apple ecosystem.,"Design and build advanced applications for the iOS platform; Collaborate with cross-functional teams to define and ship new features; Unit-test code for robustness, including edge cases, usability, and general reliability; Work on bug fixing and improving application performance.","A degree in Computer Science, Engineering or a related subject; Proven working experience in software development; Working experience in iOS development; A deep familiarity with Swift and Cocoa Touch.","['iOS Development', 'Swift', 'Objective-C', 'Xcode']",Internship Certificate; Competitive stipend; Professional development opportunities,1,hybrid,21-10-2025
f9a8d0bd-5e1a-43b7-8551-6deb9491b196,Content Writing,Lugano Technology Services,Technology,"[""Bangalore"", ""560001""]","2,000",2,21-09-2025,Immediate,"The Content Writing Intern will create professional and creative content for our technology services, with incentives.",Write creative content for our blog and social media; Draft formal reports and technical documentation; Ensure all content has excellent written English; Research industry topics to produce insightful articles.,Strong creative and report writing skills; Excellent command of written English; Ability to write on technology-related subjects; A proactive writer who can work with flexible hours.,"['Creative Writing', 'Report Writing', 'English Proficiency (Written)', 'Technical Writing']",Internship Certificate; Letter of recommendation; Flexible work hours; Performance incentives,1,remote,21-10-2025
fbf0ca34-8601-4f93-af3b-61c9d547b46b,Fashion Design,Mabel Clothing,Design,"[""Bangalore"", ""560001""]","7,500",6,21-09-2025,Immediate,The Fashion Design Intern will contribute to the creative process of our clothing brand.,"Assist senior designers with research, sketching, and concept development; Use Adobe Photoshop to create design presentations and tech packs; Support in sourcing materials and coordinating with suppliers; Participate in the design lifecycle from idea to sample.",A degree or background in Fashion Design; Proficiency in Adobe Photoshop; A strong creative portfolio; A passion for fashion and a collaborative spirit.,"['Adobe Photoshop', 'Fashion Design', 'Sketching']",Internship Certificate; Letter of recommendation; Flexible work hours; Informal dress code,1,onsite,21-10-2025
fd1280fe-9815-4cce-85c1-b7e2bb6ccfa8,Operations,Tough Club Fitness,Healthcare,"[""Bangalore"", ""560001""]","2,000",3,21-09-2025,Immediate,The Operations Intern will support our fitness club with a wide range of administrative and marketing tasks.,"Assist with daily operations and event management; Create content for our blog and digital marketing channels; Use MS-Office (Word, PowerPoint, Excel) for reporting and administration; Support basic accounting tasks.","A versatile skill set including MS-Office, event management, and digital marketing; An interest in fitness and business operations; Strong organizational and communication skills; Knowledge of accounting and deep learning is a plus.","['MS-Office', 'Event Management', 'Blogging', 'MS-Word', 'MS-PowerPoint', 'Digital Marketing', 'Accounting', 'MS-Excel', 'Deep Learning']",Internship Certificate; Letter of recommendation; 5 days a week,1,hybrid,21-10-2025
fdbb8e7b-bdc0-4900-bf20-18ffee726864,Ruby On Rails Development,Gloify,Technology,"[""Bangalore"", ""560001""]","10,000",3,21-09-2025,Immediate,The Ruby on Rails Development Intern will work on building and maintaining our web applications.,"Develop and maintain backend features for our web applications using Ruby on Rails; Write clean, maintainable, and efficient code; Collaborate with front-end developers to integrate user-facing elements; Participate in the full software development lifecycle.",Strong proficiency in Ruby on Rails; A solid understanding of web development and MVC architecture; A passion for backend development and clean code; Ability to work in a 5-day-a-week agile environment.,"['Ruby on Rails', 'Backend Development', 'Web Applications']",Internship with job offer; Certificate; Letter of recommendation; 5 days a week,1,remote,21-10-2025
fdd9ada5-c280-4104-a943-94dd0ce962f5,Digital Marketing,ToolBox,Technology,"[""Bangalore"", ""560001""]","12,000",3,21-09-2025,Immediate,The Digital Marketing Intern will execute marketing campaigns in a multilingual environment.,Develop and implement digital marketing strategies to reach our target audience; Create content with excellent written English; Engage with our Kannada-speaking customer base; Analyze campaign performance and suggest improvements.,A good understanding of digital marketing; Excellent written English and spoken Kannada; A creative and analytical marketer; Ability to work with flexible hours.,"['Digital Marketing', 'English Proficiency (Written)', 'Kannada Proficiency (Spoken)', 'Content Creation']",Letter of recommendation; Flexible work hours,1,hybrid,21-10-2025
fe6e5c11-8c44-4f98-8a28-11341c257aea,Graphic Design,Tough Club Fitness,Healthcare,"[""Bangalore"", ""560001""]","3,000",2,21-09-2025,Immediate,The Graphic Design Intern will create a wide range of 2D and 3D visual content for our fitness club.,"Design marketing materials using Adobe Photoshop, CorelDRAW, and Illustrator; Create 3D models and animations with 3ds Max and Autodesk Maya; Collaborate on visual concepts for promotional campaigns; Work in a structured, 5-day-a-week environment.","Expertise in a broad range of design software including Adobe suite, 3ds Max, and Maya; A strong portfolio showcasing both 2D and 3D design/animation; A creative and versatile designer with a passion for fitness; A great team player.","['AutoCAD', 'Adobe Photoshop', 'CorelDRAW', 'Adobe Illustrator', '3ds Max', 'Autodesk Maya', 'Animation']",Internship Certificate; Letter of recommendation; 5 days a week,1,remote,21-10-2025
fe80da42-26f4-42ea-9d7e-1b1ac635ef8f,Customer Service,Nsemble AI,Technology,"[""Ahmedabad"", ""380001""]","3,000",6,21-09-2025,Immediate,"The Customer Service Intern will be the first point of contact for our clients, providing support for our AI solutions.","Respond to customer inquiries via email, chat, and other channels; Troubleshoot basic technical issues and escalate when necessary; Maintain a high level of customer satisfaction; Document customer interactions and feedback.",Excellent communication and problem-solving skills; A patient and customer-focused attitude; An interest in technology and artificial intelligence; Ability to learn new software and concepts quickly.,"['Customer Service', 'Problem Solving', 'Communication']",Internship Certificate; Letter of recommendation,2,remote,21-10-2025
fe9862cd-1f71-491c-a490-ed7f81b73785,Graphic Design,StoreEDge Solutions Private Limited,Technology,"[""Bangalore"", ""560001""]","4,000",6,21-09-2025,Immediate,The Graphic Design Intern will create visual content for various digital marketing and social media initiatives.,"Design graphics and visuals for social media posts, ads, and websites; Create and edit short videos for marketing campaigns; Collaborate with the marketing team to develop visual concepts; Ensure all designs align with brand guidelines.",Proficiency in Adobe Photoshop and video editing software; Understanding of social media marketing and digital marketing principles; Creative and innovative thinking; A portfolio demonstrating design and video skills.,"['Social Media Marketing', 'Adobe Photoshop', 'Video Editing', 'Digital Marketing', 'Video Making']",Internship Certificate; Informal dress code; Opportunity for growth,1,hybrid,21-10-2025
ff017653-7d60-4328-94ab-a3e8409629a5,Business Development (Sales),Baraati Media & Entertainment Private Limited,Other,"[""Bangalore"", ""560001""]","8,000",3,21-09-2025,Immediate,The Business Development (Sales) Intern will drive partnerships and sales for our wedding media platform.,Identify and contact potential clients and partners in the wedding industry; Build and maintain relationships to drive business growth; Work towards achieving sales targets in a 5-day-a-week schedule; A job offer is available for top performers.,A strong interest in sales and the wedding industry; Excellent communication and networking skills; A proactive and goal-oriented individual; A confident and personable sales professional.,"['Sales', 'Partnership Management', 'Lead Generation']",Internship with job offer; Certificate; Letter of recommendation; 5 days a week,1,onsite,21-10-2025
ff03c71c-eda2-42eb-8248-4d59d86ede99,Warehouse Incharge Store Executive,Samosa Singh,Other,"[""Bangalore"", ""560001""]","8,000",6,21-09-2025,Immediate,The Warehouse Incharge/Store Executive Intern will help manage our warehouse and store operations.,Oversee inventory management and stock control; Use Tally and MS-Excel for record-keeping and reporting; Prepare documents and presentations with MS-Word and MS-PowerPoint; Ensure smooth day-to-day operations of the store.,"Proficiency in MS-Word, MS-PowerPoint, Tally, and MS-Excel; Strong organizational and leadership skills; An interest in retail and warehouse management; A hands-on and proactive problem-solver.","['MS-Word', 'MS-PowerPoint', 'Tally', 'MS-Excel', 'Warehouse Management']",Internship with job offer; Certificate; Flexible work hours,1,hybrid,21-10-2025
ff1015ee-ec6d-4dd9-b3aa-dc0b95554029,Mobile App Development,Prakshep Private Limited,Technology,"[""Bangalore"", ""560001""]","10,000",6,21-09-2025,Immediate,The Mobile App Development Intern will work on our Android application using a variety of technologies.,"Develop and maintain our Android app using Java, C++, and Flutter; Integrate backend services with REST APIs; Collaborate with the team on app design and feature development; A job offer is available for strong performers.","Proficiency in Java, C++, and Flutter for Android development; Experience with REST APIs; A portfolio of mobile app projects; A passionate and collaborative developer.","['Java', 'C++ Programming', 'Flutter', 'REST API', 'Android']",Internship with job offer; Certificate; Letter of recommendation; Flexible work hours,1,hybrid,21-10-2025
ff1160e3-b522-47c5-85ab-477703efce18,Operations,Lo! Foods,Healthcare,"[""Bangalore"", ""560001""]","2,500",3,21-09-2025,Immediate,The Operations Intern will support our food brand with data analysis and process optimization.,"Use MS-Excel to track and analyze operational data, such as inventory and sales; Assist with data analytics to identify trends and areas for improvement; Support the operations team with daily tasks and reporting; Contribute to making our processes more efficient.",Strong proficiency in MS-Excel and data analytics; An analytical and problem-solving mindset; A detail-oriented and organized individual; An interest in the operations of a health food brand.,"['Data Analytics', 'MS-Excel', 'Operations']",Internship Certificate,2,onsite,21-10-2025
ffffa831-22a8-4b9f-b187-75fcbce2d988,Content Writing,Expersight,Technology,"[""Bangalore"", ""560001""]","12,000",2,21-09-2025,Immediate,The Content Writing Intern will create a variety of high-quality written content for our technology platform.,"Write creative and engaging blog posts, articles, and marketing copy; Develop formal reports and technical documentation; Proofread and edit all content to ensure it is of high quality; Work in a collaborative, 5-day-a-week environment.",Excellent skills in creative writing and report writing; A strong command of the English language; A portfolio showcasing diverse writing styles; A detail-oriented and deadline-driven writer.,"['Creative Writing', 'Report Writing', 'Content Creation']",Internship Certificate; Letter of recommendation; Flexible work hours; Informal dress code; 5 days a week; Free snacks & beverages,1,onsite,21-10-2025